TID,Sex,Price,Category,Color,Size,Brand,Material,Origin,Sales_channel,Season
0,female,1800,suit,green,S,Zara,acetate,Japan,Internet,summer
1,female,1100,pants,orange,L,NET,polyester,China,amazon,winter
2,female,900,sweater,blue,L,Unique,cotton,Korea,Storefront,summer
3,male,1200,shirt,blue,XSS,Zara,silk,Europe,Storefront,fall
4,female,1300,shirt,red,M,GU,spandex,America,Storefront,summer
5,male,200,garter,white,XXL,H&M,nylon,China,amazon,spring
6,female,1400,coat,orange,L,NET,linen,Korea,Adidas,fall
7,female,100,vest,purple,XXL,NET,rayon,Japan,amazon,summer
8,female,300,shoes,red,XL,GAP,acetate,Taiwan,Internet,winter
9,male,600,shirt,green,XS,GAP,acrylic,China,amazon,winter
10,male,1700,shoes,pink,M,GAP,silk,China,shopee,fall
11,male,1000,uniforms,pink,XXXL,NET,silk,America,Storefront,winter
12,female,1200,dress,blue,XS,H&M,polyester,China,Storefront,summer
13,male,1500,jack,red,L,H&M,spandex,Korea,amazon,summer
14,female,1900,louse,red,L,H&M,cotton,America,Internet,summer
15,male,1200,uniforms,blue,L,GAP,cotton,Korea,amazon,summer
16,male,700,dress,pink,S,GAP,lycra,Japan,Internet,winter
17,male,600,vest,purple,L,NET,linen,Europe,Internet,summer
18,female,1200,sweater,blue,XXXL,H&M,linen,Canada,shopee,fall
19,female,600,garter,white,M,NIKE,acrylic,China,Adidas,spring
20,male,100,uniforms,blue,XXXL,GAP,lycra,Canada,Adidas,spring
21,male,700,vest,orange,XXXL,Unique,nylon,Canada,Storefront,fall
22,male,300,coat,purple,S,GAP,linen,Canada,Storefront,summer
23,female,1000,garter,green,XS,Adidas,acetate,America,Internet,fall
24,male,600,louse,green,L,H&M,spandex,America,shopee,fall
25,male,600,shirt,pink,XXL,NET,spandex,China,Storefront,winter
26,female,700,coat,blue,XSS,H&M,rayon,America,Adidas,fall
27,female,1100,dress,green,XXL,NIKE,acrylic,Japan,Internet,spring
28,male,1500,shoes,Brown,XXXL,GU,spandex,Europe,shopee,summer
29,female,1500,dress,orange,XSS,Unique,acetate,Korea,amazon,summer
30,female,1500,pants,black,M,Adidas,polyester,Canada,Adidas,summer
31,female,1600,sweater,pink,XXL,Unique,nylon,China,Adidas,summer
32,female,1600,garter,yellow,XSS,GAP,lycra,Europe,Storefront,summer
33,female,2000,louse,purple,XS,NET,lycra,America,Internet,summer
34,male,900,dress,Brown,XXXL,Adidas,acetate,Europe,amazon,fall
35,female,1700,garter,orange,XXXL,GU,silk,America,Storefront,winter
36,male,1500,sweater,Brown,XXXL,Unique,acrylic,China,Adidas,spring
37,male,700,shoes,black,XSS,Adidas,acetate,Europe,Storefront,winter
38,male,300,dress,pink,S,GAP,cotton,Canada,Internet,spring
39,female,1500,coat,Brown,XL,H&M,silk,Canada,Internet,winter
40,female,300,pants,purple,XL,NET,rayon,Japan,Storefront,fall
41,female,200,uniforms,black,S,NIKE,cotton,Europe,Storefront,winter
42,male,2000,shirt,purple,XS,Adidas,polyester,Japan,amazon,spring
43,male,1200,garter,pink,XL,Zara,polyester,Japan,Internet,summer
44,male,1200,dress,orange,S,Adidas,cotton,Europe,Storefront,spring
45,male,1600,shoes,Brown,XL,Unique,nylon,China,Adidas,fall
46,female,800,coat,green,S,GAP,polyester,Japan,Internet,summer
47,female,1400,suit,Brown,XXL,GAP,lycra,Taiwan,shopee,winter
48,female,1700,suit,orange,XXXL,Zara,spandex,China,Internet,fall
49,male,600,jack,orange,XS,NIKE,silk,Europe,Internet,spring
50,male,1300,garter,red,M,NIKE,acrylic,America,shopee,winter
51,male,800,dress,pink,XL,Zara,rayon,Taiwan,Adidas,summer
52,female,400,shoes,blue,XSS,Adidas,spandex,Canada,Storefront,spring
53,male,200,dress,pink,XXL,Unique,silk,Japan,Storefront,summer
54,male,1100,shoes,Brown,XXL,NET,polyester,Korea,shopee,winter
55,male,100,shoes,white,S,GAP,acrylic,Korea,Storefront,spring
56,female,1300,louse,white,XSS,Adidas,linen,Europe,shopee,fall
57,female,1700,jack,green,XSS,H&M,acrylic,Canada,amazon,winter
58,female,1500,coat,pink,XXXL,Adidas,cotton,Europe,amazon,winter
59,female,1100,pants,blue,XL,H&M,silk,Japan,amazon,winter
60,male,1200,vest,white,XS,H&M,linen,America,amazon,summer
61,female,200,jack,orange,XS,Adidas,acrylic,Korea,Internet,fall
62,male,1600,sweater,Brown,XSS,Adidas,linen,America,shopee,spring
63,female,500,jack,green,XS,NET,lycra,America,Internet,spring
64,female,600,shirt,blue,XXL,H&M,nylon,Europe,amazon,fall
65,female,1000,suit,Brown,XL,NIKE,nylon,Japan,shopee,fall
66,male,1400,shoes,purple,XXL,Unique,nylon,Japan,Storefront,spring
67,male,2000,louse,red,XXL,Unique,linen,China,Adidas,spring
68,female,1800,uniforms,green,S,H&M,spandex,Europe,amazon,summer
69,female,1700,dress,orange,S,NIKE,rayon,China,Internet,spring
70,female,1200,pants,white,XSS,GU,acrylic,Japan,Storefront,fall
71,male,400,louse,black,XXXL,GU,acrylic,China,amazon,spring
72,female,400,suit,green,XL,GU,lycra,Europe,Storefront,winter
73,female,1900,louse,black,XS,NET,rayon,America,Adidas,winter
74,male,800,suit,blue,XXL,NIKE,rayon,Korea,amazon,summer
75,male,1700,dress,purple,XXXL,GAP,rayon,Japan,Internet,spring
76,female,1300,shirt,Brown,XL,NET,rayon,Canada,Storefront,winter
77,male,500,garter,pink,XXL,Adidas,acetate,Taiwan,shopee,spring
78,male,1900,shirt,red,XS,Adidas,linen,Korea,shopee,summer
79,female,300,sweater,white,XXL,Adidas,cotton,Korea,shopee,summer
80,female,300,louse,purple,XS,GAP,lycra,Korea,Storefront,spring
81,male,800,uniforms,orange,XS,Zara,linen,Europe,Storefront,fall
82,male,1400,uniforms,pink,XL,Unique,acetate,Japan,Adidas,winter
83,male,900,suit,orange,XSS,NET,acetate,Europe,shopee,winter
84,female,1200,shirt,yellow,L,GAP,polyester,Japan,amazon,fall
85,male,900,louse,white,M,Adidas,linen,America,shopee,spring
86,female,700,shoes,red,XXXL,H&M,silk,Taiwan,Adidas,winter
87,male,900,garter,blue,S,H&M,nylon,Canada,Internet,summer
88,male,200,sweater,orange,XXL,NET,silk,Canada,Internet,winter
89,female,1800,garter,white,S,NET,acetate,Korea,Adidas,fall
90,male,800,pants,white,XXXL,NIKE,cotton,Canada,amazon,summer
91,male,1900,sweater,purple,XXL,NIKE,linen,Taiwan,amazon,spring
92,female,1700,louse,blue,XXXL,Unique,polyester,Europe,shopee,summer
93,male,1700,shirt,Brown,S,GU,linen,China,Adidas,winter
94,female,1000,dress,blue,XSS,Zara,rayon,Taiwan,Storefront,spring
95,male,1100,shirt,blue,XXXL,NIKE,cotton,America,shopee,summer
96,male,1900,shoes,blue,XXL,NET,rayon,America,Storefront,summer
97,male,700,jack,yellow,XXXL,GU,acetate,Europe,Adidas,summer
98,male,400,louse,orange,XS,GU,spandex,Canada,Internet,winter
99,male,1300,jack,pink,XS,NIKE,linen,Taiwan,Storefront,winter
100,female,1700,pants,Brown,XXL,GU,acetate,America,Adidas,summer
101,male,700,suit,orange,M,NET,acrylic,Taiwan,shopee,fall
102,male,800,coat,Brown,S,GU,nylon,America,Storefront,winter
103,male,200,shirt,blue,XSS,Zara,cotton,Taiwan,Storefront,spring
104,female,1000,louse,purple,XXL,NIKE,polyester,Korea,Storefront,fall
105,female,300,shoes,yellow,M,NIKE,lycra,Europe,Internet,fall
106,male,100,garter,green,L,NIKE,lycra,Korea,shopee,summer
107,male,1000,uniforms,pink,XSS,Zara,acrylic,China,shopee,winter
108,female,1200,garter,white,M,NIKE,polyester,America,amazon,fall
109,male,1200,vest,orange,XSS,Zara,polyester,America,shopee,winter
110,female,300,sweater,purple,XSS,Zara,silk,America,amazon,spring
111,male,1300,pants,white,XXXL,GAP,acrylic,China,Adidas,fall
112,male,300,sweater,black,S,GAP,acrylic,China,Internet,fall
113,male,200,dress,blue,L,Unique,spandex,America,Storefront,winter
114,female,500,jack,black,XXXL,Zara,nylon,America,amazon,summer
115,male,400,jack,yellow,L,GU,silk,Canada,amazon,summer
116,female,1900,louse,white,M,NIKE,cotton,Europe,Storefront,winter
117,male,800,pants,orange,M,NET,lycra,Japan,Storefront,summer
118,female,1000,shirt,black,XSS,NIKE,nylon,Japan,Storefront,winter
119,male,500,jack,orange,M,Adidas,acetate,Europe,Storefront,spring
120,female,200,louse,black,S,NIKE,acetate,Japan,Storefront,fall
121,male,1700,vest,purple,L,Zara,lycra,Taiwan,amazon,summer
122,male,800,sweater,white,XSS,NIKE,nylon,Taiwan,Internet,winter
123,female,1900,garter,black,XL,Zara,acetate,China,Storefront,summer
124,male,1000,suit,purple,XXXL,GAP,cotton,China,Storefront,spring
125,male,500,vest,black,L,NET,rayon,China,Storefront,summer
126,male,300,sweater,green,S,GU,acrylic,Canada,shopee,fall
127,male,1600,vest,white,S,Unique,linen,China,Internet,spring
128,female,400,uniforms,red,L,H&M,acrylic,Japan,Storefront,fall
129,male,1300,sweater,yellow,XL,NET,silk,Japan,Internet,winter
130,female,800,louse,black,XSS,GAP,polyester,Japan,Internet,winter
131,female,400,suit,yellow,M,GAP,rayon,Korea,Adidas,summer
132,male,400,shoes,green,XL,GU,rayon,Taiwan,amazon,spring
133,female,100,shirt,black,M,Zara,nylon,Taiwan,Storefront,winter
134,female,400,uniforms,yellow,XXXL,H&M,acrylic,America,shopee,summer
135,female,1400,vest,red,S,GAP,cotton,Japan,Internet,spring
136,female,1000,shirt,blue,M,Zara,cotton,Taiwan,shopee,fall
137,male,700,louse,purple,XL,Adidas,lycra,America,shopee,spring
138,male,2000,garter,white,XL,GAP,cotton,Taiwan,Storefront,spring
139,female,300,sweater,green,L,Adidas,polyester,Europe,Storefront,spring
140,female,1000,shoes,white,M,GU,rayon,America,Storefront,summer
141,female,700,louse,purple,S,GAP,rayon,Korea,Adidas,summer
142,female,700,louse,yellow,XXXL,GU,spandex,America,Internet,summer
143,female,1100,vest,black,XXXL,GU,acrylic,China,Storefront,winter
144,male,900,sweater,white,XXXL,NET,rayon,Korea,Storefront,fall
145,female,2000,louse,orange,XXL,Unique,polyester,Korea,Adidas,spring
146,male,1200,louse,black,S,GAP,acetate,Korea,Storefront,summer
147,male,1500,suit,red,XXXL,NET,acrylic,Japan,amazon,spring
148,male,600,garter,pink,S,H&M,nylon,Taiwan,Internet,fall
149,male,100,sweater,green,XSS,Unique,silk,Taiwan,Storefront,spring
150,female,1400,pants,blue,S,H&M,spandex,Canada,Internet,fall
151,male,600,jack,yellow,XSS,GAP,silk,America,Internet,summer
152,female,200,garter,red,M,NIKE,lycra,Japan,amazon,summer
153,male,2000,pants,white,XL,Zara,silk,Japan,Internet,spring
154,female,400,garter,orange,XXL,NIKE,acrylic,Korea,amazon,winter
155,female,700,shirt,black,XXXL,NET,nylon,America,Adidas,summer
156,male,1800,garter,white,XL,Zara,spandex,Europe,amazon,fall
157,female,2000,garter,yellow,M,Zara,linen,Taiwan,shopee,spring
158,male,1200,suit,blue,XL,Zara,acetate,Korea,Storefront,spring
159,female,200,coat,white,S,GU,silk,China,shopee,summer
160,male,500,dress,yellow,XXL,Unique,polyester,America,amazon,summer
161,female,1500,shoes,orange,S,NIKE,polyester,Korea,Storefront,winter
162,female,200,pants,yellow,XS,NET,silk,Korea,amazon,spring
163,male,1100,shoes,white,M,Adidas,rayon,Taiwan,amazon,winter
164,female,300,vest,red,L,Zara,acetate,Europe,shopee,fall
165,male,1300,coat,yellow,S,Adidas,rayon,Canada,Storefront,winter
166,male,500,garter,purple,XXL,H&M,spandex,Europe,shopee,fall
167,male,1400,coat,white,XXL,Unique,spandex,Canada,Storefront,fall
168,female,900,shoes,orange,L,NIKE,linen,Taiwan,amazon,summer
169,female,900,dress,black,L,NIKE,spandex,America,shopee,spring
170,male,1600,jack,orange,XXL,Adidas,cotton,Taiwan,shopee,summer
171,male,500,uniforms,green,XXL,NET,silk,Taiwan,Adidas,winter
172,male,1800,garter,orange,S,GU,linen,Japan,amazon,fall
173,male,900,shoes,pink,XXXL,Unique,silk,Taiwan,Internet,summer
174,female,500,jack,red,M,NET,spandex,China,Storefront,spring
175,female,1000,shirt,pink,XXXL,H&M,polyester,Taiwan,Internet,summer
176,female,1400,louse,yellow,XL,NET,cotton,America,Internet,winter
177,male,500,louse,purple,L,Zara,spandex,Korea,Adidas,fall
178,male,1900,suit,red,XXL,NET,silk,America,shopee,spring
179,female,1000,shirt,black,L,GAP,cotton,Japan,Adidas,summer
180,male,1900,shoes,black,S,Adidas,nylon,China,amazon,winter
181,female,2000,coat,Brown,S,GU,lycra,Canada,shopee,fall
182,female,600,vest,orange,XSS,GAP,acrylic,Taiwan,Adidas,winter
183,male,500,uniforms,green,S,GAP,linen,Canada,shopee,spring
184,male,1900,garter,Brown,XXL,Adidas,polyester,America,Storefront,spring
185,male,300,suit,Brown,XXXL,GU,polyester,America,Storefront,fall
186,male,1600,louse,blue,XXXL,Unique,cotton,America,amazon,spring
187,female,1300,sweater,purple,XS,GAP,polyester,Canada,Internet,summer
188,male,1500,vest,black,XXXL,NIKE,linen,Japan,Storefront,fall
189,female,900,sweater,red,M,NIKE,silk,Japan,Internet,winter
190,female,2000,vest,blue,XL,GAP,polyester,America,Storefront,summer
191,female,1000,uniforms,white,XXL,Unique,acrylic,Canada,Storefront,summer
192,male,1200,coat,yellow,S,Adidas,polyester,Taiwan,Storefront,spring
193,male,1500,coat,red,XS,GU,polyester,China,Storefront,fall
194,female,400,shirt,blue,L,NIKE,rayon,Europe,Adidas,summer
195,female,1200,vest,purple,L,GAP,silk,Canada,Storefront,winter
196,male,200,shoes,pink,L,GU,polyester,Taiwan,amazon,fall
197,female,1100,sweater,pink,M,GU,rayon,Japan,amazon,spring
198,male,100,louse,white,M,Unique,cotton,America,Internet,winter
199,male,1600,shoes,Brown,XXL,Adidas,silk,America,shopee,winter
200,female,700,sweater,yellow,S,NET,cotton,Europe,shopee,summer
201,male,400,dress,green,XSS,Adidas,silk,Canada,shopee,fall
202,male,1100,shoes,blue,XXL,Zara,spandex,China,Adidas,spring
203,female,1200,uniforms,orange,XSS,Unique,silk,Canada,shopee,fall
204,female,200,shoes,black,S,NET,nylon,Japan,Internet,summer
205,female,500,coat,Brown,S,NET,silk,Korea,shopee,winter
206,male,500,shirt,green,XSS,GAP,acetate,Canada,Storefront,fall
207,female,100,louse,blue,XS,GAP,acetate,Japan,amazon,summer
208,female,600,louse,green,S,Zara,rayon,Korea,Adidas,fall
209,male,1900,vest,white,XXXL,NET,cotton,China,amazon,summer
210,male,1800,shoes,black,XXXL,GU,linen,Japan,Adidas,fall
211,female,100,shoes,blue,S,Adidas,nylon,Japan,amazon,winter
212,female,900,shirt,yellow,XXXL,NET,cotton,Korea,amazon,summer
213,female,1700,dress,purple,L,NIKE,acetate,America,Adidas,summer
214,male,500,dress,yellow,S,Zara,silk,America,Storefront,summer
215,female,1500,dress,yellow,S,NET,linen,China,Storefront,winter
216,female,100,shoes,purple,XS,NIKE,linen,Korea,Adidas,winter
217,male,700,shoes,blue,XL,Zara,nylon,Korea,Internet,spring
218,male,200,jack,yellow,XXL,NET,rayon,Taiwan,Adidas,winter
219,male,900,sweater,pink,M,Zara,nylon,Korea,Adidas,spring
220,female,100,garter,white,XXL,GU,acrylic,China,shopee,summer
221,female,400,jack,green,XS,H&M,nylon,Japan,Storefront,winter
222,male,2000,garter,red,XSS,Unique,nylon,China,amazon,spring
223,male,400,pants,pink,XSS,GU,rayon,Taiwan,amazon,summer
224,female,1600,shirt,blue,XSS,GU,polyester,Europe,amazon,spring
225,male,1600,coat,Brown,M,Unique,spandex,Japan,Adidas,spring
226,male,800,sweater,purple,XL,Zara,nylon,Japan,Adidas,winter
227,female,200,dress,pink,XXL,NIKE,spandex,America,shopee,fall
228,male,1900,louse,green,XSS,NET,spandex,Europe,Internet,fall
229,female,500,sweater,pink,XXXL,GU,acrylic,America,Storefront,fall
230,female,1500,sweater,orange,L,NIKE,polyester,Europe,Storefront,spring
231,male,2000,louse,white,L,GAP,silk,Taiwan,amazon,summer
232,female,300,dress,Brown,L,Adidas,nylon,America,Adidas,spring
233,male,2000,jack,purple,XSS,NIKE,polyester,Canada,Internet,winter
234,male,1700,suit,purple,XS,NIKE,linen,Korea,Internet,summer
235,female,400,dress,red,XS,H&M,rayon,Canada,Adidas,summer
236,male,500,jack,orange,XS,Unique,rayon,Europe,shopee,fall
237,female,1500,vest,blue,XXXL,NET,rayon,China,shopee,fall
238,female,300,coat,red,XS,H&M,cotton,America,Adidas,summer
239,female,900,vest,Brown,L,Unique,acetate,Korea,shopee,spring
240,male,1700,suit,pink,XXL,GAP,lycra,Canada,shopee,summer
241,female,1800,coat,blue,XXXL,H&M,lycra,China,shopee,winter
242,male,900,garter,white,XXL,Zara,linen,America,Internet,winter
243,female,2000,pants,white,S,Unique,linen,China,Storefront,summer
244,female,900,shirt,Brown,S,H&M,polyester,America,amazon,fall
245,female,800,sweater,orange,S,Adidas,silk,Canada,Internet,summer
246,male,600,pants,green,XS,Zara,rayon,China,shopee,spring
247,male,400,jack,black,XL,GAP,acrylic,Taiwan,Storefront,summer
248,female,600,shirt,Brown,M,Adidas,nylon,Taiwan,Internet,summer
249,male,1400,shoes,blue,XS,H&M,nylon,Korea,Internet,summer
250,female,100,pants,white,M,NET,polyester,Taiwan,Adidas,fall
251,male,400,coat,black,S,Unique,acetate,Korea,amazon,spring
252,female,400,louse,orange,L,H&M,polyester,America,Internet,summer
253,female,1700,coat,green,S,H&M,acrylic,Canada,amazon,fall
254,female,700,shirt,white,XL,NET,rayon,Europe,Adidas,summer
255,male,1800,vest,orange,L,GU,linen,China,Adidas,summer
256,male,1600,pants,green,XS,Zara,silk,Canada,Adidas,summer
257,male,2000,coat,yellow,XL,Adidas,linen,Europe,amazon,fall
258,female,700,louse,yellow,XXXL,Unique,acrylic,Canada,shopee,summer
259,female,1200,garter,orange,XXL,NET,nylon,Korea,Storefront,summer
260,male,2000,shoes,purple,M,Zara,polyester,Japan,Adidas,fall
261,male,700,vest,black,XXXL,NET,nylon,Korea,Storefront,spring
262,male,1900,jack,white,M,H&M,spandex,Japan,Adidas,fall
263,male,300,garter,blue,XS,GU,lycra,China,Storefront,fall
264,male,100,shoes,Brown,XSS,GAP,nylon,China,Internet,fall
265,male,2000,jack,red,M,NET,rayon,Japan,Storefront,fall
266,male,1800,sweater,Brown,XSS,GU,lycra,Taiwan,Adidas,spring
267,female,900,uniforms,orange,XS,NET,polyester,Korea,Internet,fall
268,male,200,pants,white,M,NIKE,spandex,America,Storefront,winter
269,female,800,coat,green,XS,Zara,acetate,America,Adidas,summer
270,male,900,shirt,pink,XXXL,Zara,acetate,China,amazon,spring
271,male,500,suit,yellow,XXXL,NIKE,acrylic,Taiwan,shopee,summer
272,female,2000,vest,green,XL,Adidas,polyester,China,shopee,summer
273,female,500,shirt,orange,L,NIKE,nylon,Canada,Storefront,summer
274,female,1500,suit,white,M,Zara,acetate,Japan,Internet,winter
275,male,700,garter,orange,XL,GU,acrylic,Europe,Storefront,fall
276,male,1600,dress,white,M,Adidas,polyester,America,Adidas,summer
277,male,1200,dress,orange,S,H&M,rayon,America,amazon,winter
278,female,1200,shirt,white,M,Unique,spandex,America,amazon,spring
279,female,900,vest,yellow,L,H&M,linen,Europe,shopee,winter
280,male,800,shirt,white,XS,Unique,nylon,China,Storefront,spring
281,female,800,coat,white,XS,GAP,silk,Taiwan,Adidas,fall
282,male,900,coat,white,XL,H&M,rayon,China,shopee,winter
283,female,1300,shoes,yellow,L,Adidas,rayon,America,shopee,spring
284,female,200,dress,white,L,Unique,cotton,Japan,shopee,summer
285,female,200,pants,purple,S,NIKE,polyester,Taiwan,Internet,winter
286,male,500,pants,black,S,H&M,polyester,China,Adidas,fall
287,female,1200,coat,black,XS,NET,lycra,Japan,Adidas,spring
288,female,800,garter,purple,L,Unique,spandex,America,amazon,fall
289,female,600,sweater,purple,M,Adidas,nylon,Canada,Storefront,summer
290,male,900,sweater,black,XSS,H&M,nylon,Canada,amazon,winter
291,female,900,uniforms,Brown,XXL,H&M,silk,Taiwan,Internet,spring
292,female,200,garter,red,L,GAP,acetate,Canada,Adidas,summer
293,female,1100,uniforms,black,XL,Zara,rayon,Europe,Storefront,fall
294,male,1000,garter,orange,XSS,Unique,polyester,Korea,Internet,winter
295,male,1500,louse,blue,XXL,NET,acetate,Taiwan,Storefront,summer
296,male,2000,sweater,white,XL,H&M,acetate,Canada,Adidas,winter
297,male,1500,louse,white,M,NET,polyester,Japan,Storefront,winter
298,male,1600,suit,orange,XSS,NIKE,linen,Korea,amazon,winter
299,male,200,dress,purple,XXXL,Unique,silk,Korea,Storefront,fall
300,male,300,pants,orange,XSS,NIKE,rayon,America,amazon,spring
301,female,1400,shirt,yellow,XSS,NIKE,spandex,America,amazon,spring
302,male,700,vest,blue,XXXL,Adidas,acrylic,Europe,Storefront,fall
303,female,600,coat,orange,S,Unique,polyester,China,shopee,spring
304,female,200,vest,white,M,Adidas,acrylic,Japan,Adidas,fall
305,male,1300,vest,orange,L,Unique,linen,Korea,shopee,fall
306,male,600,shirt,red,L,Adidas,linen,Taiwan,Adidas,fall
307,male,200,shirt,green,XL,Zara,acetate,Taiwan,Internet,summer
308,female,1800,louse,red,XSS,Adidas,nylon,Canada,Internet,summer
309,male,1900,suit,white,M,GAP,silk,America,amazon,fall
310,male,600,uniforms,blue,XXL,H&M,nylon,China,amazon,winter
311,female,700,uniforms,orange,XS,GAP,cotton,Taiwan,shopee,spring
312,male,200,sweater,black,XL,Zara,acetate,America,Internet,winter
313,female,500,garter,orange,XSS,GAP,polyester,America,Adidas,summer
314,male,100,garter,yellow,XXL,GAP,polyester,Europe,Adidas,spring
315,female,1200,garter,yellow,L,NET,lycra,Taiwan,Internet,spring
316,female,2000,coat,yellow,XSS,GAP,lycra,Taiwan,Storefront,winter
317,male,1600,shirt,green,XL,H&M,polyester,Canada,Storefront,fall
318,male,900,pants,black,XXL,Zara,silk,Korea,shopee,spring
319,male,900,pants,black,XXXL,H&M,acetate,America,Adidas,fall
320,female,1400,shirt,yellow,L,NIKE,polyester,Taiwan,Storefront,fall
321,male,800,jack,pink,XXXL,NET,nylon,China,Internet,fall
322,female,500,garter,yellow,XS,Zara,acetate,Korea,Internet,summer
323,male,1100,suit,orange,M,NIKE,cotton,Japan,Internet,fall
324,female,200,garter,white,XSS,GU,nylon,Korea,Storefront,summer
325,female,1800,pants,green,XS,Adidas,silk,Korea,Storefront,summer
326,male,1700,shoes,red,M,Adidas,spandex,America,shopee,winter
327,male,400,coat,yellow,XL,NIKE,silk,Taiwan,Adidas,spring
328,male,400,louse,Brown,XS,NIKE,acrylic,Taiwan,Internet,summer
329,male,300,uniforms,red,M,NET,polyester,Japan,shopee,summer
330,female,100,dress,purple,L,Adidas,cotton,Canada,shopee,winter
331,male,1800,vest,orange,XS,NET,acrylic,China,amazon,winter
332,female,1300,jack,yellow,S,Unique,silk,America,Internet,spring
333,male,1800,coat,blue,S,H&M,nylon,China,Adidas,spring
334,female,400,pants,purple,XS,GAP,silk,America,Adidas,fall
335,female,500,jack,white,XXXL,NET,rayon,Korea,amazon,summer
336,male,300,shirt,pink,M,Unique,acrylic,Canada,Internet,fall
337,male,1900,jack,white,XSS,NIKE,silk,Taiwan,Storefront,winter
338,male,1900,coat,Brown,XXXL,GAP,nylon,Europe,Internet,summer
339,male,900,garter,pink,XXL,Adidas,rayon,America,Adidas,spring
340,male,1400,dress,pink,XS,NET,polyester,Europe,shopee,spring
341,male,1800,shirt,red,XL,NIKE,acrylic,Europe,Internet,spring
342,female,500,sweater,Brown,XXL,NET,silk,America,amazon,spring
343,male,1700,jack,pink,XL,GU,spandex,China,Storefront,spring
344,male,300,garter,pink,XS,H&M,nylon,Europe,Storefront,spring
345,female,600,louse,Brown,M,Adidas,acetate,China,amazon,summer
346,female,900,louse,pink,XL,GU,acetate,China,Storefront,summer
347,female,800,pants,purple,XXL,NET,silk,Canada,Adidas,spring
348,male,1400,dress,black,XXXL,GAP,linen,Europe,Adidas,summer
349,male,1700,pants,white,S,GAP,polyester,Canada,Storefront,spring
350,male,900,vest,yellow,XXXL,H&M,linen,Taiwan,amazon,spring
351,male,600,jack,pink,XXL,Zara,polyester,China,Storefront,winter
352,female,1600,sweater,red,XXXL,Adidas,rayon,Europe,amazon,winter
353,female,500,uniforms,yellow,M,Adidas,cotton,China,Internet,spring
354,female,900,sweater,Brown,XSS,GU,nylon,America,amazon,winter
355,male,300,sweater,orange,XL,H&M,linen,America,Storefront,spring
356,female,1000,suit,blue,XXXL,NIKE,cotton,Europe,Adidas,summer
357,female,1600,sweater,blue,L,Adidas,acrylic,Taiwan,Adidas,summer
358,male,1800,dress,purple,XXXL,NIKE,acrylic,Taiwan,shopee,spring
359,female,1100,uniforms,pink,L,Zara,lycra,China,Adidas,spring
360,female,1700,uniforms,yellow,XXL,H&M,cotton,Japan,Storefront,fall
361,male,1800,jack,blue,S,Unique,nylon,Korea,shopee,fall
362,male,1600,garter,green,XL,H&M,nylon,America,Storefront,summer
363,male,1600,shirt,black,L,Unique,polyester,Europe,Storefront,fall
364,male,1200,pants,purple,XL,NET,spandex,Taiwan,amazon,summer
365,male,900,dress,purple,XS,Zara,linen,Canada,Adidas,summer
366,male,2000,coat,blue,M,GU,silk,America,Storefront,fall
367,male,300,garter,yellow,S,Zara,cotton,China,shopee,fall
368,male,1200,shoes,green,XL,Adidas,lycra,Europe,Storefront,spring
369,male,1600,vest,green,XXXL,H&M,lycra,China,Internet,spring
370,male,1600,suit,red,S,H&M,polyester,Taiwan,shopee,winter
371,female,1500,uniforms,yellow,XXL,Unique,acrylic,Japan,Storefront,winter
372,female,1800,shirt,black,XSS,H&M,linen,Japan,Adidas,winter
373,male,1100,pants,blue,XXXL,Adidas,acetate,Japan,Storefront,spring
374,female,400,louse,orange,L,GU,acetate,Korea,Adidas,summer
375,male,1600,sweater,Brown,XL,GU,rayon,Japan,Internet,fall
376,female,1000,louse,blue,XS,GU,silk,Japan,amazon,spring
377,male,1800,shirt,pink,XXXL,H&M,rayon,Taiwan,shopee,spring
378,female,500,coat,blue,XS,NIKE,silk,Taiwan,shopee,spring
379,male,1200,shoes,white,M,Unique,silk,Korea,Storefront,spring
380,female,100,shirt,yellow,S,GAP,linen,Canada,Adidas,winter
381,female,300,garter,orange,XS,Zara,acetate,Canada,Internet,spring
382,male,300,shirt,Brown,XS,H&M,acetate,China,amazon,winter
383,male,700,shoes,green,L,Unique,rayon,America,Adidas,winter
384,female,1500,vest,green,XSS,Zara,lycra,America,shopee,winter
385,female,1300,louse,yellow,XXXL,Zara,linen,Japan,Adidas,spring
386,male,1900,uniforms,Brown,S,NET,acrylic,Taiwan,amazon,winter
387,male,800,garter,yellow,L,H&M,rayon,China,Internet,fall
388,male,600,vest,black,XS,Zara,rayon,China,Internet,summer
389,female,700,pants,Brown,XXL,Zara,acrylic,Japan,Internet,summer
390,male,400,uniforms,blue,XS,Unique,acetate,Taiwan,Storefront,summer
391,male,1800,louse,pink,S,GAP,polyester,Taiwan,Internet,spring
392,male,1300,coat,Brown,L,NIKE,rayon,Korea,Storefront,spring
393,female,1300,dress,orange,XSS,NET,polyester,Europe,Adidas,summer
394,male,1800,shirt,yellow,XS,Zara,polyester,Canada,Adidas,spring
395,male,1800,vest,blue,XXL,Zara,polyester,Canada,Storefront,winter
396,female,2000,vest,Brown,XS,GU,lycra,Taiwan,Adidas,winter
397,male,1200,pants,white,S,H&M,nylon,China,Internet,summer
398,male,2000,sweater,green,XL,Zara,rayon,America,amazon,spring
399,female,100,vest,green,XL,Zara,linen,Korea,Internet,summer
400,female,100,dress,orange,XXXL,GAP,lycra,Japan,Internet,fall
401,male,900,louse,purple,XSS,Zara,silk,Japan,amazon,summer
402,male,700,shoes,red,XXXL,Zara,lycra,Taiwan,shopee,spring
403,female,500,coat,white,M,NIKE,silk,Europe,amazon,fall
404,female,1600,coat,green,XS,NIKE,nylon,Korea,amazon,summer
405,male,1000,jack,Brown,XXXL,Adidas,lycra,Japan,Adidas,spring
406,male,200,louse,orange,XS,NIKE,acetate,America,Storefront,spring
407,female,1100,louse,pink,XSS,NET,linen,China,amazon,summer
408,female,300,coat,green,XS,GAP,acetate,Japan,Internet,spring
409,female,1300,coat,pink,XXXL,NET,spandex,Korea,amazon,winter
410,male,400,vest,black,L,Zara,lycra,Korea,Adidas,summer
411,male,1400,sweater,red,XSS,Unique,rayon,Canada,amazon,fall
412,male,300,jack,orange,S,GU,lycra,Taiwan,Storefront,spring
413,female,600,sweater,pink,S,GU,cotton,Europe,Storefront,summer
414,female,1400,shoes,black,XXXL,H&M,cotton,Japan,amazon,spring
415,male,1100,dress,orange,XXL,H&M,acetate,Taiwan,amazon,spring
416,male,900,suit,green,XSS,Zara,nylon,China,Adidas,fall
417,female,1900,vest,pink,XSS,GAP,polyester,China,amazon,fall
418,male,200,coat,purple,XS,GAP,acrylic,America,Storefront,fall
419,male,700,suit,purple,XSS,Zara,nylon,Taiwan,amazon,fall
420,female,1200,dress,green,XXL,Zara,lycra,America,Adidas,spring
421,female,300,pants,yellow,XL,H&M,lycra,China,Storefront,spring
422,female,1900,louse,black,XS,NIKE,acrylic,Korea,Adidas,winter
423,male,1600,vest,white,S,NET,cotton,China,Internet,spring
424,male,600,uniforms,black,XSS,Adidas,rayon,Taiwan,Adidas,fall
425,female,1900,suit,pink,XXL,GAP,acetate,Europe,Adidas,summer
426,male,1500,shoes,blue,S,Zara,polyester,Japan,amazon,spring
427,female,100,coat,orange,XXL,GU,cotton,Taiwan,Internet,winter
428,female,400,jack,green,L,H&M,rayon,Korea,Internet,spring
429,female,1000,dress,yellow,XS,GU,lycra,Korea,Storefront,winter
430,female,1800,jack,Brown,XXL,H&M,rayon,Canada,shopee,summer
431,female,1700,suit,white,XSS,Adidas,acrylic,Canada,shopee,summer
432,male,500,vest,Brown,XS,Zara,nylon,America,Storefront,fall
433,male,200,garter,green,S,NET,rayon,China,Adidas,winter
434,female,1600,jack,yellow,XL,Zara,silk,China,Adidas,spring
435,female,400,sweater,red,XXL,NET,cotton,America,Adidas,spring
436,male,600,sweater,Brown,S,Unique,rayon,Taiwan,Storefront,winter
437,male,100,louse,Brown,M,Unique,nylon,Europe,Storefront,fall
438,male,1500,suit,red,M,H&M,linen,Taiwan,amazon,spring
439,male,700,jack,black,L,NET,rayon,Korea,Adidas,fall
440,female,2000,sweater,orange,XSS,Unique,spandex,America,shopee,summer
441,female,100,louse,blue,XS,Unique,silk,China,Adidas,summer
442,female,500,dress,red,XS,Adidas,cotton,China,Storefront,summer
443,female,900,sweater,green,XL,GU,acrylic,Korea,shopee,spring
444,female,1800,uniforms,black,XXXL,NET,polyester,Japan,Adidas,fall
445,female,900,pants,white,XS,Zara,spandex,Europe,Storefront,fall
446,male,1800,coat,red,XS,Adidas,silk,Taiwan,Adidas,summer
447,female,1900,jack,red,XSS,GU,spandex,America,Internet,summer
448,male,1200,suit,Brown,XXXL,Unique,lycra,Japan,amazon,summer
449,male,1200,pants,green,L,GU,linen,Taiwan,amazon,spring
450,female,1000,coat,blue,XXL,H&M,lycra,Japan,Adidas,fall
451,male,400,sweater,Brown,XS,GAP,lycra,America,Storefront,summer
452,male,1200,louse,green,XS,Unique,nylon,Japan,amazon,winter
453,male,1900,jack,blue,S,Adidas,silk,Taiwan,Adidas,fall
454,male,500,pants,black,S,GU,lycra,Taiwan,Adidas,summer
455,female,1500,sweater,white,XXL,H&M,rayon,Europe,amazon,winter
456,male,1400,vest,yellow,XSS,H&M,lycra,Taiwan,Storefront,summer
457,female,1100,pants,red,XL,NET,nylon,China,Internet,winter
458,male,600,uniforms,green,L,NET,nylon,Canada,Storefront,winter
459,female,1800,vest,yellow,XSS,Zara,nylon,Japan,Adidas,fall
460,female,400,coat,purple,M,NIKE,polyester,Canada,shopee,fall
461,female,1000,uniforms,purple,XS,H&M,acetate,America,Internet,spring
462,female,300,dress,green,S,NIKE,silk,Canada,Adidas,winter
463,male,400,pants,yellow,XL,GAP,acetate,Canada,Storefront,summer
464,male,700,suit,orange,XXL,H&M,spandex,America,Adidas,summer
465,female,1300,vest,yellow,M,Zara,lycra,Japan,amazon,winter
466,female,800,garter,pink,XS,NIKE,spandex,Taiwan,Adidas,spring
467,male,100,shoes,red,M,NET,lycra,America,Adidas,winter
468,female,1100,sweater,white,M,Unique,linen,China,Storefront,fall
469,female,200,suit,purple,M,GAP,rayon,Japan,Internet,summer
470,female,500,garter,yellow,M,Unique,linen,Canada,Storefront,summer
471,female,1300,jack,Brown,XL,Unique,rayon,America,Internet,winter
472,female,400,sweater,black,M,Zara,rayon,Japan,Adidas,summer
473,male,1900,garter,purple,XXXL,H&M,lycra,Taiwan,amazon,summer
474,male,200,pants,pink,XXXL,GU,spandex,Europe,Adidas,winter
475,male,1200,jack,blue,XXL,Adidas,silk,Japan,Adidas,summer
476,female,400,uniforms,Brown,XSS,Unique,polyester,America,Storefront,winter
477,male,600,shoes,Brown,S,Adidas,lycra,China,shopee,summer
478,male,1900,vest,red,XS,NIKE,spandex,Japan,Adidas,summer
479,female,400,jack,blue,S,H&M,silk,America,shopee,summer
480,female,1600,coat,black,XXL,Adidas,silk,Canada,Internet,spring
481,female,1200,suit,purple,L,Zara,spandex,China,Adidas,winter
482,male,1600,sweater,orange,XXXL,GU,rayon,Taiwan,Storefront,fall
483,male,700,coat,Brown,XL,Zara,spandex,Europe,amazon,summer
484,female,900,vest,pink,S,Adidas,polyester,Europe,Adidas,fall
485,female,1300,garter,orange,XXL,NET,cotton,Europe,amazon,winter
486,male,1000,louse,purple,M,GAP,lycra,Taiwan,shopee,spring
487,male,1400,garter,orange,M,NET,acrylic,China,Storefront,summer
488,female,1600,suit,black,XXXL,H&M,acrylic,Korea,amazon,spring
489,female,400,pants,blue,S,Zara,polyester,Japan,Internet,winter
490,male,800,vest,black,M,NET,acrylic,America,Internet,winter
491,male,900,dress,orange,XXXL,NET,cotton,Europe,amazon,spring
492,male,800,sweater,Brown,L,GAP,cotton,Canada,Adidas,fall
493,male,600,louse,black,XSS,NIKE,acrylic,Europe,Storefront,summer
494,female,1700,dress,green,L,Adidas,nylon,Europe,Storefront,summer
495,male,1300,sweater,white,M,Unique,linen,Canada,amazon,summer
496,male,500,jack,yellow,L,Zara,rayon,China,Storefront,spring
497,female,1000,coat,blue,L,GAP,polyester,America,Storefront,spring
498,male,2000,coat,black,L,GAP,linen,Europe,Internet,fall
499,male,1600,shoes,orange,XL,Zara,lycra,Canada,Internet,winter
500,male,1900,uniforms,black,L,Zara,acetate,Europe,Storefront,spring
501,female,1000,suit,green,XXL,Zara,cotton,Europe,Storefront,winter
502,female,1500,shirt,yellow,M,NIKE,acetate,Taiwan,amazon,summer
503,female,2000,shirt,green,M,H&M,rayon,America,Internet,summer
504,female,1400,louse,Brown,XXXL,Adidas,acetate,Europe,Internet,winter
505,female,1300,suit,red,XXL,Adidas,silk,America,Storefront,winter
506,male,1800,shirt,yellow,XL,NIKE,rayon,Korea,Adidas,summer
507,female,100,garter,blue,M,Adidas,silk,Taiwan,Storefront,winter
508,male,1700,louse,red,S,H&M,silk,Korea,Internet,winter
509,male,700,vest,white,XXXL,Adidas,acetate,Canada,shopee,summer
510,male,200,louse,orange,S,NET,lycra,Europe,Internet,spring
511,female,900,vest,red,S,GAP,rayon,Korea,amazon,fall
512,female,600,louse,yellow,S,Unique,spandex,Taiwan,amazon,fall
513,male,100,louse,Brown,M,GAP,linen,Korea,Internet,fall
514,female,1200,coat,black,L,Unique,acrylic,Canada,Storefront,fall
515,male,1900,coat,orange,L,Zara,linen,Japan,shopee,summer
516,female,600,shoes,white,XXXL,GAP,rayon,Japan,Storefront,summer
517,male,200,sweater,orange,XSS,NIKE,silk,Taiwan,Storefront,spring
518,male,600,sweater,purple,M,Unique,lycra,Canada,amazon,summer
519,female,100,uniforms,red,XXXL,GAP,polyester,America,Adidas,summer
520,female,1300,pants,Brown,XXXL,NET,rayon,Taiwan,Adidas,fall
521,female,1100,jack,black,M,H&M,nylon,America,Adidas,winter
522,female,1000,jack,black,L,NET,rayon,Canada,Internet,winter
523,female,1800,pants,purple,XSS,Zara,linen,Korea,shopee,spring
524,female,2000,sweater,yellow,XL,Zara,lycra,Japan,Adidas,winter
525,male,100,garter,pink,XL,H&M,linen,Taiwan,Internet,winter
526,female,1500,dress,purple,XL,GU,cotton,America,Adidas,summer
527,male,300,pants,pink,XL,GU,polyester,America,Adidas,spring
528,male,1300,louse,orange,XSS,Adidas,acetate,Taiwan,Adidas,winter
529,male,1200,jack,yellow,L,GU,silk,Korea,shopee,fall
530,female,1500,sweater,purple,XS,GAP,cotton,Taiwan,amazon,winter
531,female,800,shoes,orange,L,NET,nylon,America,Internet,summer
532,male,1400,louse,white,XSS,Adidas,lycra,China,shopee,winter
533,female,900,suit,purple,XXXL,GU,spandex,China,Storefront,summer
534,male,1300,uniforms,white,XS,GAP,acetate,Korea,Storefront,fall
535,female,1100,dress,orange,XL,Zara,cotton,Korea,Internet,winter
536,male,700,suit,orange,XL,Zara,polyester,America,Adidas,spring
537,male,700,dress,pink,S,NET,acetate,America,Internet,fall
538,male,200,louse,orange,M,GAP,silk,America,amazon,spring
539,female,600,sweater,black,L,NIKE,lycra,Taiwan,Internet,winter
540,female,1700,pants,red,XSS,H&M,cotton,China,Internet,spring
541,female,1600,shirt,Brown,L,GU,rayon,Taiwan,Adidas,spring
542,female,1600,garter,black,XXL,NIKE,spandex,Japan,Storefront,winter
543,male,1500,sweater,black,XSS,Adidas,rayon,China,Adidas,fall
544,female,2000,coat,black,XXXL,NIKE,lycra,Japan,shopee,winter
545,male,400,coat,purple,XXL,NIKE,silk,Japan,amazon,spring
546,female,1400,sweater,black,XL,H&M,linen,Japan,shopee,summer
547,female,900,coat,blue,S,GAP,cotton,Canada,Storefront,summer
548,male,1800,louse,blue,XSS,H&M,rayon,America,Internet,winter
549,female,1900,vest,purple,XL,GAP,rayon,China,Internet,fall
550,male,200,jack,orange,S,Adidas,acetate,America,Adidas,summer
551,male,1800,shoes,black,XXL,GAP,polyester,Japan,Storefront,winter
552,male,600,suit,Brown,XS,GAP,linen,Europe,shopee,winter
553,male,500,louse,white,S,Adidas,spandex,Japan,Adidas,fall
554,male,100,uniforms,purple,XL,H&M,cotton,Japan,Internet,summer
555,male,700,louse,blue,XXXL,Adidas,lycra,America,shopee,summer
556,female,300,pants,blue,L,NIKE,acrylic,Taiwan,shopee,fall
557,female,2000,sweater,purple,XS,GU,silk,Taiwan,Adidas,fall
558,male,1600,shoes,green,XXXL,H&M,acrylic,Taiwan,Internet,summer
559,male,1400,coat,Brown,S,NET,spandex,Taiwan,Adidas,spring
560,female,200,pants,yellow,XL,GU,cotton,Taiwan,shopee,winter
561,male,1900,coat,orange,M,GAP,polyester,Taiwan,Internet,summer
562,male,1600,uniforms,red,M,GAP,acetate,Korea,Adidas,spring
563,female,600,suit,black,XL,H&M,cotton,Canada,Adidas,summer
564,male,200,coat,white,XXXL,GAP,nylon,China,Storefront,summer
565,male,1300,uniforms,purple,XS,Adidas,acrylic,Korea,Adidas,fall
566,male,1400,vest,black,S,NIKE,lycra,Europe,shopee,winter
567,male,1000,louse,purple,XS,Unique,cotton,Taiwan,shopee,summer
568,male,1200,jack,blue,XS,NIKE,rayon,Korea,Adidas,fall
569,female,1300,garter,red,S,Zara,spandex,Taiwan,Storefront,spring
570,male,1200,suit,orange,XS,GU,acetate,America,shopee,winter
571,male,1500,jack,orange,XXL,NET,acrylic,China,shopee,winter
572,female,1400,coat,yellow,L,H&M,cotton,America,shopee,spring
573,male,2000,suit,yellow,S,GAP,lycra,China,Storefront,fall
574,male,1500,shirt,black,XSS,H&M,acetate,America,shopee,summer
575,male,800,coat,purple,L,NIKE,acetate,Europe,Internet,fall
576,male,2000,sweater,red,XS,Zara,spandex,America,Storefront,spring
577,female,600,dress,green,XXXL,Adidas,lycra,Europe,Internet,spring
578,male,700,suit,yellow,XXL,Unique,acetate,Taiwan,Adidas,winter
579,male,700,shirt,black,S,Zara,acetate,Canada,shopee,winter
580,female,900,dress,blue,L,Unique,lycra,Korea,shopee,spring
581,female,800,vest,orange,XS,NET,nylon,America,Adidas,summer
582,female,200,suit,black,XL,NET,spandex,America,Storefront,fall
583,male,1400,shirt,purple,M,NIKE,cotton,Canada,Storefront,summer
584,female,1700,shoes,green,XSS,GU,rayon,Canada,Internet,fall
585,female,1500,vest,Brown,S,Unique,rayon,Taiwan,Adidas,winter
586,female,600,shirt,Brown,L,H&M,spandex,China,shopee,spring
587,male,1900,coat,red,L,H&M,acetate,Korea,Storefront,summer
588,male,1800,shoes,Brown,XSS,NIKE,linen,Europe,Storefront,fall
589,male,900,shirt,purple,XS,Adidas,spandex,Japan,amazon,fall
590,female,900,jack,blue,L,GAP,acetate,Taiwan,amazon,fall
591,female,300,louse,black,XSS,GU,silk,Canada,Storefront,summer
592,female,1100,shirt,red,XL,GU,rayon,Japan,Storefront,spring
593,male,2000,shoes,orange,L,Unique,rayon,Taiwan,shopee,winter
594,male,1200,shoes,purple,S,Unique,linen,America,shopee,summer
595,male,200,coat,yellow,XXXL,GU,rayon,China,Storefront,summer
596,female,1300,garter,pink,S,Unique,spandex,Japan,Storefront,winter
597,male,1900,garter,orange,XS,GAP,acrylic,China,amazon,spring
598,female,700,shirt,purple,XXL,Unique,lycra,Korea,amazon,spring
599,male,1900,suit,orange,XL,Unique,nylon,China,Internet,winter
600,female,900,louse,orange,M,Unique,linen,China,Internet,spring
601,male,1200,sweater,black,XS,GU,nylon,Korea,shopee,spring
602,male,1700,louse,purple,XS,NIKE,acetate,Korea,Internet,winter
603,male,1200,shoes,Brown,S,GAP,acetate,Japan,amazon,fall
604,female,1200,suit,orange,XL,GAP,spandex,Europe,Storefront,spring
605,female,1000,suit,red,S,NET,linen,Canada,amazon,winter
606,male,200,pants,yellow,XSS,NET,polyester,Korea,amazon,summer
607,female,1400,uniforms,Brown,XXXL,GAP,acetate,Taiwan,amazon,winter
608,female,1200,sweater,blue,XSS,GAP,spandex,China,amazon,winter
609,female,1700,dress,yellow,XXXL,Unique,polyester,America,amazon,winter
610,male,1600,shoes,red,XS,H&M,linen,America,shopee,fall
611,male,500,garter,purple,L,NIKE,nylon,Korea,Storefront,summer
612,male,1900,shirt,green,L,GAP,silk,Japan,Storefront,summer
613,male,1700,shoes,white,S,Adidas,silk,Taiwan,shopee,summer
614,female,800,shoes,pink,XSS,GAP,silk,Taiwan,Adidas,fall
615,male,1300,dress,blue,XS,GU,spandex,Korea,shopee,fall
616,male,800,suit,black,XL,Zara,linen,Europe,Adidas,fall
617,female,1600,shirt,green,XXL,GAP,cotton,China,amazon,summer
618,female,900,shoes,Brown,XS,GU,linen,America,Internet,fall
619,male,900,louse,white,XL,NIKE,silk,Canada,Adidas,summer
620,male,1600,dress,black,S,GU,polyester,Taiwan,amazon,winter
621,female,1600,shoes,green,XSS,Adidas,cotton,Taiwan,Internet,winter
622,female,600,uniforms,red,XS,GU,lycra,Europe,Internet,fall
623,female,100,shirt,Brown,XL,GAP,spandex,Taiwan,Adidas,fall
624,male,2000,shirt,blue,S,NIKE,rayon,China,Storefront,fall
625,male,1800,sweater,Brown,XL,GU,spandex,Korea,amazon,winter
626,male,700,dress,orange,M,Adidas,acetate,Taiwan,Internet,winter
627,female,700,louse,red,L,GU,rayon,Japan,shopee,spring
628,female,1600,pants,white,M,NET,linen,Japan,Storefront,winter
629,female,500,shirt,white,XS,GU,rayon,Taiwan,Storefront,winter
630,male,300,garter,Brown,XXXL,Unique,linen,China,shopee,winter
631,male,900,pants,black,XXXL,H&M,lycra,Canada,shopee,fall
632,female,1000,louse,purple,XSS,Unique,rayon,Taiwan,shopee,spring
633,male,1100,vest,red,XSS,NET,silk,Canada,Internet,fall
634,male,1600,louse,orange,S,Unique,acetate,China,Adidas,winter
635,female,1500,suit,red,XXL,GU,silk,America,Adidas,fall
636,female,400,louse,yellow,L,Adidas,lycra,China,Internet,winter
637,female,800,garter,white,XXXL,Unique,acrylic,Europe,Storefront,winter
638,female,1200,shirt,purple,S,GU,polyester,Canada,Internet,summer
639,male,1300,jack,orange,XXXL,NIKE,acrylic,Japan,Adidas,summer
640,male,1700,pants,yellow,XSS,GAP,linen,Korea,Internet,fall
641,male,100,sweater,red,XXL,GU,rayon,Japan,Storefront,winter
642,male,500,jack,yellow,L,Unique,lycra,Taiwan,Adidas,winter
643,female,600,shoes,purple,XS,NIKE,silk,America,Storefront,spring
644,male,1200,coat,green,XXL,Zara,polyester,Canada,shopee,summer
645,female,1800,vest,orange,XSS,Zara,nylon,Europe,Internet,winter
646,male,1600,louse,white,L,GAP,linen,America,Storefront,summer
647,male,1100,sweater,pink,XXL,GU,silk,China,Storefront,spring
648,male,1900,dress,black,XXL,NIKE,silk,China,amazon,summer
649,male,1300,vest,blue,XXL,H&M,silk,Canada,Storefront,fall
650,male,2000,suit,black,L,Adidas,acetate,Japan,amazon,winter
651,female,900,sweater,black,XL,H&M,lycra,Korea,Internet,fall
652,male,1700,shoes,yellow,M,GAP,polyester,Taiwan,Adidas,winter
653,male,1400,vest,orange,XS,Zara,lycra,America,amazon,spring
654,female,1600,dress,black,M,H&M,lycra,Canada,amazon,fall
655,male,1400,shoes,Brown,XL,Adidas,polyester,Korea,amazon,summer
656,female,1400,coat,purple,XXL,NIKE,rayon,Korea,Adidas,spring
657,male,700,pants,Brown,XSS,GAP,silk,Canada,amazon,summer
658,female,1500,coat,yellow,S,H&M,polyester,China,Adidas,winter
659,female,1000,suit,orange,XSS,GU,nylon,Japan,Storefront,fall
660,female,1300,uniforms,white,XXL,Adidas,silk,Europe,Internet,fall
661,male,600,louse,yellow,XL,Unique,spandex,Canada,amazon,fall
662,male,1500,jack,orange,XXXL,GAP,acetate,Europe,amazon,spring
663,female,900,coat,red,M,GAP,lycra,China,amazon,summer
664,female,1700,louse,Brown,XS,H&M,rayon,Canada,Adidas,summer
665,female,300,uniforms,white,L,Unique,acrylic,Taiwan,Internet,summer
666,male,1000,coat,black,S,NIKE,rayon,Korea,Adidas,fall
667,female,1700,sweater,Brown,L,NIKE,acrylic,Japan,amazon,winter
668,female,100,coat,red,XXXL,GAP,polyester,Europe,Internet,summer
669,female,1100,pants,Brown,M,NET,acrylic,America,shopee,spring
670,female,1900,coat,red,XS,NET,nylon,Taiwan,Storefront,fall
671,female,1500,pants,blue,XS,Unique,polyester,America,Adidas,spring
672,male,300,sweater,orange,L,Unique,rayon,China,shopee,summer
673,female,1300,pants,green,XXL,H&M,lycra,Taiwan,Adidas,fall
674,female,500,uniforms,orange,M,Unique,cotton,Korea,Adidas,spring
675,male,400,coat,black,S,Zara,cotton,Japan,Adidas,summer
676,female,400,sweater,black,XXXL,Adidas,spandex,America,shopee,spring
677,female,600,suit,yellow,S,NET,silk,Canada,Storefront,fall
678,female,1600,garter,pink,M,Zara,acetate,Taiwan,shopee,spring
679,female,2000,sweater,pink,XS,NET,lycra,Japan,Internet,summer
680,male,1200,vest,yellow,XS,H&M,lycra,America,Adidas,spring
681,female,800,pants,yellow,XXXL,Adidas,nylon,China,Adidas,summer
682,female,1800,vest,purple,L,Adidas,linen,Europe,Internet,summer
683,male,300,garter,red,XXXL,H&M,nylon,America,Adidas,summer
684,male,200,jack,blue,XXL,H&M,silk,Canada,amazon,spring
685,female,900,louse,red,M,Unique,lycra,America,Adidas,summer
686,female,1700,coat,yellow,L,Zara,lycra,China,Storefront,winter
687,male,500,louse,pink,XXXL,NIKE,acetate,Korea,Internet,summer
688,male,1100,coat,white,M,Zara,nylon,America,shopee,winter
689,male,600,shoes,blue,XSS,Adidas,linen,Canada,Storefront,winter
690,female,1300,suit,purple,M,Unique,acetate,Taiwan,Adidas,summer
691,male,1800,shirt,white,S,NIKE,acrylic,Europe,shopee,winter
692,male,400,shirt,white,XS,Adidas,rayon,Korea,amazon,summer
693,female,1300,shoes,green,S,Unique,acrylic,America,Adidas,summer
694,male,2000,shoes,Brown,XXXL,GAP,rayon,China,Adidas,winter
695,female,2000,pants,Brown,XL,Zara,lycra,Taiwan,amazon,spring
696,male,600,dress,black,M,Adidas,acetate,Taiwan,Internet,fall
697,female,1800,jack,orange,XL,Zara,nylon,Canada,amazon,summer
698,male,1200,uniforms,red,M,NET,lycra,Taiwan,Storefront,summer
699,male,1400,dress,green,XXXL,GAP,cotton,America,Internet,winter
700,female,1600,dress,red,S,Zara,spandex,China,Internet,winter
701,female,1400,garter,black,L,Unique,acetate,Korea,Internet,spring
702,female,700,shirt,black,XSS,GU,cotton,Japan,Storefront,summer
703,male,1200,shirt,purple,XS,Zara,acrylic,Taiwan,amazon,winter
704,female,1800,louse,blue,XXXL,GAP,linen,America,amazon,summer
705,male,1300,uniforms,Brown,XS,GU,acrylic,Europe,Storefront,winter
706,female,1100,vest,yellow,XS,Adidas,acetate,Korea,Adidas,spring
707,male,1400,vest,green,M,NIKE,polyester,Europe,Adidas,fall
708,male,800,dress,yellow,S,Zara,acrylic,America,Storefront,summer
709,male,1900,garter,green,M,Adidas,acrylic,Korea,shopee,spring
710,female,1600,sweater,green,L,NET,spandex,China,Internet,winter
711,male,100,shoes,orange,XS,NIKE,acrylic,Taiwan,Adidas,spring
712,female,500,garter,green,S,NIKE,acetate,Japan,shopee,fall
713,female,1500,shoes,blue,XL,NET,acetate,Canada,Storefront,fall
714,male,1500,dress,green,XS,NIKE,cotton,America,shopee,spring
715,male,300,shirt,black,XSS,H&M,acetate,Korea,Storefront,fall
716,male,1200,jack,Brown,S,Unique,spandex,Taiwan,Adidas,summer
717,male,2000,jack,purple,M,Unique,rayon,China,shopee,fall
718,female,1900,shoes,purple,XXL,Zara,nylon,China,amazon,fall
719,male,900,uniforms,orange,XXXL,NIKE,cotton,America,Internet,spring
720,male,1100,garter,pink,L,Zara,polyester,Taiwan,Internet,fall
721,male,1100,coat,black,L,GAP,acetate,Korea,Internet,summer
722,female,1500,louse,blue,XS,Zara,silk,Japan,amazon,spring
723,male,1300,shoes,blue,XXL,NIKE,polyester,Korea,Adidas,summer
724,male,2000,suit,black,S,H&M,polyester,Taiwan,amazon,winter
725,male,500,vest,black,XS,Unique,silk,Japan,amazon,summer
726,female,1300,coat,red,XL,NET,cotton,Taiwan,Adidas,summer
727,female,100,uniforms,pink,XS,Unique,cotton,Korea,Storefront,winter
728,female,1700,shirt,yellow,XXXL,NET,lycra,Taiwan,shopee,winter
729,male,700,shirt,red,S,NIKE,spandex,China,shopee,summer
730,female,2000,coat,black,S,Zara,cotton,Canada,Storefront,summer
731,male,1000,louse,orange,XL,H&M,cotton,Canada,Internet,spring
732,female,1100,garter,black,M,Adidas,polyester,Canada,shopee,fall
733,female,1700,pants,blue,XXXL,Adidas,silk,Canada,Internet,fall
734,male,1700,coat,pink,XSS,Adidas,linen,Japan,Internet,winter
735,female,700,louse,purple,XXL,Zara,acetate,Canada,Storefront,winter
736,female,200,coat,white,XSS,GAP,nylon,Canada,amazon,winter
737,female,200,shirt,pink,S,GAP,spandex,Europe,Internet,spring
738,male,500,garter,blue,XXL,GU,acetate,Europe,Internet,winter
739,female,600,dress,orange,XXL,NET,nylon,Korea,Internet,fall
740,male,1600,coat,white,XL,Adidas,spandex,Europe,amazon,summer
741,male,1800,garter,Brown,XL,Zara,lycra,Korea,Adidas,spring
742,female,1400,vest,purple,S,H&M,rayon,Korea,shopee,winter
743,female,1500,jack,white,S,Unique,cotton,Canada,Internet,fall
744,female,800,louse,orange,XXL,Adidas,polyester,Taiwan,amazon,spring
745,male,700,sweater,black,XS,GU,cotton,China,Adidas,fall
746,male,1200,sweater,white,L,NIKE,acrylic,Taiwan,Adidas,fall
747,female,200,dress,black,L,GAP,acetate,Europe,Storefront,spring
748,male,700,coat,white,XXL,Zara,cotton,Japan,shopee,fall
749,female,1200,coat,white,XXL,GU,acrylic,America,shopee,spring
750,female,1700,uniforms,purple,XL,Unique,spandex,Canada,amazon,fall
751,male,1400,pants,red,S,Unique,lycra,Korea,Adidas,spring
752,male,1500,suit,pink,L,H&M,acrylic,America,Internet,winter
753,female,800,shirt,green,XSS,NET,linen,Japan,Internet,fall
754,male,500,pants,red,XSS,Unique,nylon,America,amazon,fall
755,female,1300,pants,red,XS,GAP,rayon,Taiwan,amazon,winter
756,female,400,suit,orange,XXL,GAP,cotton,Europe,shopee,spring
757,female,1100,louse,black,L,Unique,lycra,Europe,Internet,fall
758,female,1400,uniforms,white,XXL,Adidas,polyester,Korea,Storefront,fall
759,male,200,uniforms,pink,M,GU,nylon,Taiwan,Internet,summer
760,male,400,louse,white,XL,NIKE,lycra,Japan,Storefront,winter
761,male,800,shirt,blue,XSS,Adidas,nylon,Taiwan,Internet,summer
762,female,200,garter,pink,L,Adidas,lycra,Taiwan,Adidas,fall
763,female,1400,garter,white,M,Zara,spandex,Japan,Storefront,summer
764,female,400,shoes,blue,XXL,Unique,lycra,Taiwan,amazon,fall
765,female,300,pants,Brown,XXL,H&M,spandex,Canada,amazon,spring
766,female,800,louse,Brown,XS,Adidas,acrylic,Korea,shopee,spring
767,female,1300,shoes,Brown,XSS,GU,spandex,America,Storefront,winter
768,male,2000,jack,pink,XL,NIKE,polyester,Canada,amazon,winter
769,female,700,louse,Brown,XSS,GAP,linen,Japan,shopee,spring
770,male,1900,shirt,green,XXXL,GU,linen,America,Storefront,winter
771,male,600,coat,white,L,Zara,silk,America,shopee,summer
772,female,1300,pants,red,XXL,Adidas,spandex,Korea,amazon,spring
773,female,1100,shoes,yellow,XXXL,GU,cotton,Taiwan,Adidas,winter
774,male,1800,coat,white,S,Unique,acetate,Taiwan,Internet,spring
775,male,300,jack,black,XSS,H&M,cotton,Europe,shopee,spring
776,male,1600,garter,red,XSS,GAP,cotton,Canada,Adidas,spring
777,female,1700,garter,green,L,NET,lycra,China,Storefront,fall
778,male,900,dress,green,XL,Adidas,rayon,Europe,amazon,spring
779,female,300,coat,white,XL,Zara,spandex,Korea,shopee,fall
780,male,600,suit,Brown,S,GU,silk,Europe,amazon,winter
781,male,800,shirt,green,XSS,NIKE,rayon,Taiwan,Storefront,fall
782,female,1100,louse,white,XXL,Unique,rayon,Canada,Adidas,fall
783,female,1400,dress,blue,XSS,Zara,acetate,America,shopee,summer
784,female,1900,jack,orange,XXXL,H&M,acrylic,China,amazon,summer
785,male,1100,shoes,black,XXL,GU,acetate,Taiwan,Storefront,winter
786,male,1800,coat,Brown,M,Zara,lycra,Taiwan,shopee,fall
787,female,2000,jack,blue,XSS,GAP,polyester,Japan,Adidas,spring
788,male,1000,coat,purple,XXXL,GAP,lycra,China,Adidas,summer
789,female,1200,uniforms,Brown,S,H&M,acrylic,Canada,Adidas,winter
790,female,800,uniforms,black,S,GAP,silk,Taiwan,Adidas,summer
791,male,100,sweater,green,M,NIKE,spandex,America,Adidas,fall
792,male,200,pants,Brown,XXXL,NET,polyester,Taiwan,Storefront,fall
793,female,1400,sweater,purple,XL,H&M,spandex,China,shopee,fall
794,male,1900,pants,purple,XXXL,NIKE,acrylic,America,shopee,winter
795,male,1300,garter,blue,XXL,Unique,acrylic,America,Adidas,winter
796,male,300,pants,orange,L,Adidas,nylon,Canada,amazon,spring
797,female,100,dress,orange,M,Adidas,lycra,America,shopee,fall
798,male,1600,pants,red,XL,Zara,polyester,Japan,Internet,summer
799,male,200,coat,Brown,L,GAP,linen,China,Storefront,spring
800,female,1600,shoes,white,M,H&M,acetate,Taiwan,shopee,winter
801,female,1600,shirt,red,L,GAP,silk,Canada,amazon,winter
802,female,600,louse,pink,XXL,GAP,linen,Korea,Storefront,spring
803,female,1500,dress,red,L,Unique,acrylic,Europe,Internet,spring
804,male,200,dress,blue,L,GU,nylon,Japan,Internet,fall
805,female,800,louse,white,M,NET,spandex,Japan,shopee,fall
806,male,200,coat,blue,XSS,Unique,nylon,Korea,shopee,winter
807,male,1600,pants,purple,S,GU,acetate,America,amazon,winter
808,male,800,uniforms,blue,XXXL,Adidas,polyester,Taiwan,shopee,winter
809,male,1500,jack,white,S,Zara,spandex,Japan,Storefront,spring
810,male,1800,coat,pink,XS,NIKE,lycra,Taiwan,Adidas,summer
811,female,1200,louse,blue,XL,Unique,spandex,America,amazon,summer
812,female,100,sweater,Brown,XSS,GAP,acrylic,Japan,Adidas,winter
813,female,800,dress,black,XL,NET,spandex,Korea,shopee,fall
814,female,1800,suit,green,XXXL,GAP,nylon,Canada,Internet,fall
815,male,1200,shirt,yellow,M,Unique,acetate,America,Internet,summer
816,male,1400,louse,black,S,NET,acetate,Europe,Storefront,fall
817,male,1300,shirt,white,S,GU,cotton,China,Adidas,winter
818,female,400,shirt,yellow,XXL,H&M,lycra,Korea,amazon,spring
819,male,400,suit,green,XS,NET,polyester,Europe,Storefront,winter
820,female,1700,coat,Brown,XL,H&M,linen,America,shopee,spring
821,male,1100,shirt,red,L,Adidas,spandex,America,Storefront,winter
822,male,400,shoes,yellow,XXXL,GU,cotton,Taiwan,amazon,fall
823,female,800,louse,red,M,GAP,lycra,Japan,Storefront,fall
824,male,1800,coat,green,XS,GU,lycra,Taiwan,Adidas,spring
825,male,900,pants,purple,XXXL,H&M,linen,America,Adidas,winter
826,male,400,garter,white,M,NIKE,cotton,Canada,Storefront,spring
827,male,600,pants,red,XS,Zara,spandex,America,Internet,spring
828,male,100,uniforms,black,XL,GAP,polyester,America,shopee,winter
829,female,1700,garter,purple,L,NIKE,lycra,Europe,Adidas,fall
830,male,900,suit,purple,L,GAP,nylon,China,amazon,winter
831,male,700,sweater,blue,XXL,H&M,polyester,Korea,Storefront,fall
832,female,100,sweater,white,XL,NET,nylon,China,Adidas,winter
833,male,1800,suit,yellow,S,NET,spandex,Japan,Adidas,spring
834,male,1000,uniforms,pink,XS,Zara,acrylic,Japan,Internet,fall
835,female,300,shoes,green,XS,NIKE,acrylic,Europe,Internet,fall
836,male,1800,dress,black,M,Adidas,acrylic,America,amazon,fall
837,male,200,sweater,white,XXXL,GAP,nylon,Korea,shopee,fall
838,female,1200,garter,pink,XL,NET,cotton,Korea,amazon,fall
839,female,400,jack,red,XS,NET,cotton,Taiwan,Storefront,summer
840,female,700,garter,white,M,Zara,silk,Canada,shopee,fall
841,male,900,shoes,black,XL,NET,nylon,Korea,amazon,fall
842,male,1000,shoes,Brown,XXXL,NIKE,cotton,Europe,shopee,summer
843,female,1800,coat,blue,XSS,GAP,linen,Canada,Adidas,fall
844,female,300,sweater,red,XSS,Unique,nylon,America,Adidas,spring
845,male,900,coat,yellow,S,H&M,spandex,Taiwan,Storefront,spring
846,male,1900,pants,green,L,H&M,rayon,Canada,shopee,summer
847,female,100,dress,red,L,Unique,acrylic,America,amazon,winter
848,male,1800,shirt,blue,M,GU,silk,Europe,shopee,spring
849,female,1400,pants,pink,L,Zara,nylon,Europe,Adidas,fall
850,female,1600,pants,blue,XS,NET,acrylic,Korea,amazon,spring
851,female,1800,garter,yellow,XSS,Adidas,cotton,Canada,Adidas,spring
852,female,400,pants,blue,M,Zara,rayon,China,amazon,fall
853,female,100,sweater,black,XXXL,Unique,acetate,Taiwan,Adidas,fall
854,female,1500,sweater,orange,XXXL,Adidas,linen,Korea,Adidas,summer
855,female,2000,sweater,yellow,XL,GAP,lycra,Korea,Internet,summer
856,male,500,shirt,green,XS,Unique,acetate,America,Storefront,spring
857,male,1100,suit,pink,M,Adidas,rayon,China,Storefront,summer
858,female,1900,uniforms,blue,M,NET,cotton,Korea,Adidas,summer
859,female,900,garter,yellow,S,NIKE,rayon,Taiwan,Internet,winter
860,male,1500,coat,orange,XXL,NET,acetate,China,Adidas,fall
861,male,800,vest,white,L,GAP,spandex,Japan,amazon,spring
862,female,300,pants,blue,XXXL,NET,cotton,America,shopee,spring
863,male,1000,louse,white,XSS,Adidas,polyester,Canada,Internet,spring
864,female,1500,suit,Brown,XL,GAP,polyester,Japan,amazon,winter
865,male,700,sweater,orange,M,Unique,lycra,Japan,Internet,fall
866,female,700,suit,green,XL,GU,rayon,Japan,Storefront,fall
867,male,1400,garter,black,XSS,NET,acrylic,Korea,amazon,fall
868,male,1900,shoes,white,XL,H&M,rayon,America,shopee,spring
869,male,1500,suit,blue,XXXL,Unique,acrylic,Japan,shopee,winter
870,male,600,garter,yellow,M,H&M,acetate,Europe,Storefront,winter
871,male,300,garter,yellow,S,NIKE,cotton,America,Storefront,spring
872,female,1600,sweater,purple,XSS,NIKE,cotton,China,amazon,fall
873,male,1500,sweater,green,S,NIKE,acetate,Canada,Internet,summer
874,female,1500,garter,blue,XS,Unique,lycra,Canada,shopee,fall
875,male,1000,sweater,orange,S,GAP,silk,America,shopee,winter
876,female,1700,pants,white,XS,NIKE,nylon,America,amazon,summer
877,male,1600,uniforms,red,L,H&M,silk,Canada,Storefront,summer
878,female,800,garter,Brown,XSS,NIKE,cotton,China,Storefront,spring
879,male,100,louse,black,XL,Unique,acetate,China,Storefront,winter
880,male,2000,shoes,purple,XSS,Zara,nylon,Korea,Adidas,spring
881,female,1500,jack,yellow,XL,GU,cotton,Japan,shopee,spring
882,male,800,louse,purple,XXL,NET,polyester,Taiwan,Storefront,spring
883,male,1800,pants,green,XXL,Adidas,nylon,Japan,amazon,spring
884,male,800,dress,orange,S,Zara,rayon,China,amazon,spring
885,female,1500,shoes,green,M,GU,rayon,Korea,amazon,spring
886,male,400,coat,pink,S,NET,nylon,China,Storefront,spring
887,female,1600,shoes,Brown,XSS,H&M,silk,China,Internet,summer
888,female,1800,shirt,purple,XXL,Unique,linen,America,Adidas,spring
889,male,800,pants,blue,XS,Zara,acetate,China,Adidas,winter
890,male,300,pants,yellow,L,GU,lycra,Europe,Adidas,winter
891,female,1200,suit,Brown,M,GU,lycra,Japan,shopee,fall
892,female,300,uniforms,yellow,XSS,H&M,linen,Europe,shopee,winter
893,female,100,pants,orange,L,Unique,nylon,Canada,Internet,spring
894,female,1500,dress,purple,XS,NIKE,silk,China,Adidas,summer
895,female,400,coat,yellow,L,Adidas,polyester,China,shopee,summer
896,female,900,louse,green,XS,NIKE,silk,Korea,amazon,spring
897,male,500,vest,green,XS,H&M,rayon,Taiwan,Adidas,summer
898,male,800,dress,pink,XSS,Unique,acetate,China,shopee,fall
899,male,1200,dress,Brown,XSS,Zara,lycra,Canada,amazon,spring
900,female,300,garter,black,M,GU,polyester,Taiwan,amazon,fall
901,male,1100,shoes,yellow,M,H&M,lycra,America,Adidas,spring
902,male,900,sweater,pink,XXXL,Zara,spandex,Canada,amazon,summer
903,female,600,shoes,orange,XL,Adidas,lycra,China,Internet,spring
904,female,700,pants,Brown,S,GU,lycra,Taiwan,shopee,fall
905,female,400,pants,red,XXL,NET,cotton,America,Storefront,summer
906,female,1500,sweater,pink,XSS,Adidas,lycra,Canada,amazon,fall
907,male,600,dress,blue,XS,Unique,silk,Korea,Adidas,spring
908,female,1200,suit,blue,L,H&M,lycra,Korea,Storefront,winter
909,female,1400,dress,yellow,S,H&M,polyester,China,Internet,spring
910,male,900,shirt,Brown,XXL,Unique,polyester,China,Internet,fall
911,male,200,suit,orange,S,Adidas,acetate,China,Storefront,spring
912,female,400,pants,green,S,NIKE,nylon,Canada,Internet,summer
913,female,1800,vest,purple,XS,NET,nylon,Taiwan,Storefront,spring
914,male,200,louse,Brown,M,GU,rayon,Japan,Internet,spring
915,female,1000,louse,Brown,M,NIKE,nylon,China,shopee,winter
916,female,1300,garter,black,XXL,Unique,acetate,Europe,Internet,fall
917,female,2000,suit,orange,XS,Zara,linen,Japan,Storefront,summer
918,female,400,suit,green,L,NET,silk,Europe,Storefront,spring
919,female,1400,louse,Brown,XXL,NET,lycra,Korea,Storefront,summer
920,female,1000,garter,green,XS,Zara,acetate,Japan,shopee,fall
921,male,1900,suit,pink,XXXL,NIKE,rayon,China,shopee,summer
922,male,1800,jack,blue,XXL,GAP,acrylic,Japan,amazon,summer
923,male,1400,garter,black,XL,Zara,lycra,Korea,Storefront,summer
924,male,500,garter,red,XL,GAP,linen,Korea,Adidas,summer
925,male,1300,shoes,orange,M,H&M,acrylic,Europe,Internet,fall
926,female,600,louse,yellow,XSS,NET,acrylic,Canada,Adidas,winter
927,male,1000,louse,white,XL,GAP,polyester,Canada,amazon,winter
928,female,900,shirt,purple,M,NET,lycra,Korea,Internet,spring
929,male,1800,vest,green,XS,Zara,acrylic,China,Storefront,summer
930,female,500,shirt,Brown,M,Zara,linen,Europe,shopee,summer
931,female,1900,pants,yellow,L,GU,silk,Europe,Adidas,winter
932,male,800,shirt,purple,XSS,Adidas,cotton,Japan,Storefront,summer
933,male,1100,uniforms,red,S,Zara,linen,Canada,Adidas,summer
934,male,1700,pants,Brown,XXXL,Adidas,nylon,China,Internet,summer
935,male,400,vest,red,XL,GAP,linen,Japan,Adidas,summer
936,female,1000,suit,blue,XXL,NET,linen,America,shopee,fall
937,male,800,shoes,white,M,NIKE,acrylic,Taiwan,Adidas,fall
938,male,1000,shoes,blue,XXL,GU,spandex,Korea,Storefront,winter
939,male,1300,coat,purple,XXXL,Zara,nylon,Canada,Internet,summer
940,female,1800,garter,pink,XXXL,Adidas,polyester,Korea,Adidas,summer
941,female,200,shoes,blue,M,NET,spandex,America,Internet,spring
942,female,1700,dress,orange,XXL,Adidas,acrylic,Canada,Storefront,winter
943,male,900,uniforms,black,XSS,H&M,acrylic,Japan,Storefront,spring
944,male,200,jack,blue,XS,GAP,polyester,Japan,Storefront,winter
945,male,1400,shoes,green,XL,GAP,nylon,Taiwan,shopee,winter
946,male,1700,louse,green,S,Zara,nylon,Korea,amazon,fall
947,male,100,sweater,pink,XS,GU,lycra,China,Adidas,winter
948,male,1900,coat,pink,XS,NET,spandex,Canada,Storefront,summer
949,male,2000,shoes,blue,M,Adidas,acetate,Taiwan,Adidas,winter
950,female,900,dress,purple,L,GAP,spandex,Japan,shopee,summer
951,male,100,sweater,blue,M,GU,acrylic,Taiwan,amazon,winter
952,female,300,coat,white,XS,H&M,acrylic,America,Storefront,winter
953,female,1700,suit,red,L,GAP,spandex,Canada,Internet,winter
954,male,1300,shirt,yellow,XL,H&M,rayon,China,Adidas,fall
955,male,1800,suit,white,XSS,Adidas,rayon,Japan,shopee,fall
956,female,100,pants,green,XSS,NET,silk,Europe,Storefront,fall
957,female,1800,sweater,green,M,H&M,linen,Japan,amazon,summer
958,female,1200,shirt,blue,XXL,GAP,rayon,Europe,Adidas,summer
959,male,700,sweater,pink,L,GU,spandex,America,amazon,winter
960,female,1900,vest,blue,M,Zara,spandex,America,amazon,winter
961,female,700,sweater,purple,XL,H&M,acetate,Europe,amazon,spring
962,female,2000,shoes,white,L,Adidas,cotton,Canada,shopee,summer
963,female,600,shirt,pink,XXXL,NET,nylon,Europe,Adidas,fall
964,male,1600,louse,white,XSS,Zara,silk,Taiwan,Adidas,summer
965,female,200,shirt,black,XXL,Zara,lycra,Taiwan,Adidas,spring
966,female,1500,sweater,blue,L,Zara,cotton,America,Storefront,fall
967,male,1700,shoes,orange,XS,Adidas,spandex,Korea,Adidas,spring
968,male,1600,pants,pink,XXL,Adidas,rayon,Taiwan,shopee,spring
969,female,300,vest,pink,XXL,GAP,polyester,Canada,amazon,fall
970,female,200,sweater,pink,L,NET,rayon,Taiwan,Adidas,winter
971,female,900,shirt,purple,XXL,Unique,rayon,America,Storefront,spring
972,male,1300,jack,orange,L,NET,acetate,Europe,shopee,winter
973,female,300,shoes,red,XXXL,NET,polyester,China,Storefront,fall
974,female,500,louse,Brown,L,Adidas,acrylic,Europe,amazon,winter
975,female,400,sweater,purple,M,NIKE,acetate,Canada,Adidas,spring
976,male,400,garter,white,XXL,GU,acrylic,China,shopee,fall
977,male,1400,shirt,pink,M,Unique,acetate,Europe,shopee,fall
978,female,600,dress,green,XXXL,Unique,silk,Japan,amazon,fall
979,male,600,shoes,green,XSS,H&M,rayon,Taiwan,shopee,winter
980,male,1500,sweater,orange,XXXL,GAP,lycra,Japan,Storefront,spring
981,female,1100,pants,blue,XL,GU,acrylic,Japan,Adidas,winter
982,male,500,jack,blue,L,Unique,nylon,America,amazon,fall
983,male,1200,coat,red,XS,GAP,nylon,America,amazon,summer
984,female,1400,sweater,white,XXL,Unique,cotton,America,Adidas,fall
985,male,1200,shirt,white,XXL,Adidas,linen,Europe,Storefront,summer
986,male,1100,uniforms,blue,L,Zara,acrylic,China,shopee,winter
987,female,1300,vest,Brown,L,Zara,lycra,Japan,shopee,spring
988,male,500,garter,purple,XXL,NIKE,lycra,Korea,shopee,winter
989,female,1100,shirt,purple,XXL,Unique,cotton,Korea,Storefront,fall
990,female,1200,suit,purple,L,Zara,spandex,Europe,amazon,fall
991,male,300,louse,yellow,XXXL,Unique,nylon,Korea,Adidas,spring
992,female,1200,pants,red,M,Adidas,acrylic,Europe,shopee,summer
993,male,1900,garter,yellow,XL,GU,polyester,America,shopee,fall
994,female,1300,dress,white,L,H&M,acetate,Taiwan,shopee,summer
995,male,1800,pants,Brown,S,H&M,cotton,Taiwan,Adidas,spring
996,female,1900,suit,pink,S,Adidas,cotton,Europe,Storefront,summer
997,male,1200,coat,white,M,Adidas,polyester,Europe,amazon,spring
998,male,400,shirt,yellow,XXL,H&M,linen,China,shopee,fall
999,female,300,coat,green,L,Unique,nylon,America,amazon,summer
