TID,Sex,Price,Category,Color,Size,Brand,Material,Origin,Sales_channel,Season,s/n
0,female,1800,suit,green,S,Zara,acetate,Japan,Internet,summer,sell
1,female,1100,pants,orange,L,NET,polyester,China,amazon,winter,fail
2,female,900,sweater,blue,L,Unique,cotton,Korea,Storefront,summer,sell
3,male,1200,shirt,blue,XSS,Zara,silk,Europe,Storefront,fall,fail
4,female,1300,shirt,red,M,GU,spandex,America,Storefront,summer,fail
5,male,200,garter,white,XXL,H&M,nylon,China,amazon,spring,sell
6,female,1400,coat,orange,L,NET,linen,Korea,Adidas,fall,sell
7,female,100,vest,purple,XXL,NET,rayon,Japan,amazon,summer,sell
8,female,300,shoes,red,XL,GAP,acetate,Taiwan,Internet,winter,sell
9,male,600,shirt,green,XS,GAP,acrylic,China,amazon,winter,fail
10,male,1700,shoes,pink,M,GAP,silk,China,shopee,fall,fail
11,male,1000,uniforms,pink,XXXL,NET,silk,America,Storefront,winter,fail
12,female,1200,dress,blue,XS,H&M,polyester,China,Storefront,summer,sell
13,male,1500,jack,red,L,H&M,spandex,Korea,amazon,summer,sell
14,female,1900,louse,red,L,H&M,cotton,America,Internet,summer,fail
15,male,1200,uniforms,blue,L,GAP,cotton,Korea,amazon,summer,sell
16,male,700,dress,pink,S,GAP,lycra,Japan,Internet,winter,fail
17,male,600,vest,purple,L,NET,linen,Europe,Internet,summer,sell
18,female,1200,sweater,blue,XXXL,H&M,linen,Canada,shopee,fall,fail
19,female,600,garter,white,M,NIKE,acrylic,China,Adidas,spring,fail
20,male,100,uniforms,blue,XXXL,GAP,lycra,Canada,Adidas,spring,sell
21,male,700,vest,orange,XXXL,Unique,nylon,Canada,Storefront,fall,sell
22,male,300,coat,purple,S,GAP,linen,Canada,Storefront,summer,fail
23,female,1000,garter,green,XS,Adidas,acetate,America,Internet,fall,fail
24,male,600,louse,green,L,H&M,spandex,America,shopee,fall,sell
25,male,600,shirt,pink,XXL,NET,spandex,China,Storefront,winter,fail
26,female,700,coat,blue,XSS,H&M,rayon,America,Adidas,fall,sell
27,female,1100,dress,green,XXL,NIKE,acrylic,Japan,Internet,spring,sell
28,male,1500,shoes,Brown,XXXL,GU,spandex,Europe,shopee,summer,fail
29,female,1500,dress,orange,XSS,Unique,acetate,Korea,amazon,summer,sell
30,female,1500,pants,black,M,Adidas,polyester,Canada,Adidas,summer,fail
31,female,1600,sweater,pink,XXL,Unique,nylon,China,Adidas,summer,fail
32,female,1600,garter,yellow,XSS,GAP,lycra,Europe,Storefront,summer,fail
33,female,2000,louse,purple,XS,NET,lycra,America,Internet,summer,fail
34,male,900,dress,Brown,XXXL,Adidas,acetate,Europe,amazon,fall,fail
35,female,1700,garter,orange,XXXL,GU,silk,America,Storefront,winter,fail
36,male,1500,sweater,Brown,XXXL,Unique,acrylic,China,Adidas,spring,sell
37,male,700,shoes,black,XSS,Adidas,acetate,Europe,Storefront,winter,fail
38,male,300,dress,pink,S,GAP,cotton,Canada,Internet,spring,fail
39,female,1500,coat,Brown,XL,H&M,silk,Canada,Internet,winter,fail
40,female,300,pants,purple,XL,NET,rayon,Japan,Storefront,fall,sell
41,female,200,uniforms,black,S,NIKE,cotton,Europe,Storefront,winter,sell
42,male,2000,shirt,purple,XS,Adidas,polyester,Japan,amazon,spring,fail
43,male,1200,garter,pink,XL,Zara,polyester,Japan,Internet,summer,fail
44,male,1200,dress,orange,S,Adidas,cotton,Europe,Storefront,spring,fail
45,male,1600,shoes,Brown,XL,Unique,nylon,China,Adidas,fall,sell
46,female,800,coat,green,S,GAP,polyester,Japan,Internet,summer,sell
47,female,1400,suit,Brown,XXL,GAP,lycra,Taiwan,shopee,winter,fail
48,female,1700,suit,orange,XXXL,Zara,spandex,China,Internet,fall,sell
49,male,600,jack,orange,XS,NIKE,silk,Europe,Internet,spring,fail
50,male,1300,garter,red,M,NIKE,acrylic,America,shopee,winter,fail
51,male,800,dress,pink,XL,Zara,rayon,Taiwan,Adidas,summer,sell
52,female,400,shoes,blue,XSS,Adidas,spandex,Canada,Storefront,spring,fail
53,male,200,dress,pink,XXL,Unique,silk,Japan,Storefront,summer,sell
54,male,1100,shoes,Brown,XXL,NET,polyester,Korea,shopee,winter,fail
55,male,100,shoes,white,S,GAP,acrylic,Korea,Storefront,spring,sell
56,female,1300,louse,white,XSS,Adidas,linen,Europe,shopee,fall,fail
57,female,1700,jack,green,XSS,H&M,acrylic,Canada,amazon,winter,fail
58,female,1500,coat,pink,XXXL,Adidas,cotton,Europe,amazon,winter,fail
59,female,1100,pants,blue,XL,H&M,silk,Japan,amazon,winter,fail
60,male,1200,vest,white,XS,H&M,linen,America,amazon,summer,sell
61,female,200,jack,orange,XS,Adidas,acrylic,Korea,Internet,fall,sell
62,male,1600,sweater,Brown,XSS,Adidas,linen,America,shopee,spring,fail
63,female,500,jack,green,XS,NET,lycra,America,Internet,spring,fail
64,female,600,shirt,blue,XXL,H&M,nylon,Europe,amazon,fall,fail
65,female,1000,suit,Brown,XL,NIKE,nylon,Japan,shopee,fall,fail
66,male,1400,shoes,purple,XXL,Unique,nylon,Japan,Storefront,spring,sell
67,male,2000,louse,red,XXL,Unique,linen,China,Adidas,spring,sell
68,female,1800,uniforms,green,S,H&M,spandex,Europe,amazon,summer,sell
69,female,1700,dress,orange,S,NIKE,rayon,China,Internet,spring,sell
70,female,1200,pants,white,XSS,GU,acrylic,Japan,Storefront,fall,fail
71,male,400,louse,black,XXXL,GU,acrylic,China,amazon,spring,fail
72,female,400,suit,green,XL,GU,lycra,Europe,Storefront,winter,fail
73,female,1900,louse,black,XS,NET,rayon,America,Adidas,winter,sell
74,male,800,suit,blue,XXL,NIKE,rayon,Korea,amazon,summer,fail
75,male,1700,dress,purple,XXXL,GAP,rayon,Japan,Internet,spring,fail
76,female,1300,shirt,Brown,XL,NET,rayon,Canada,Storefront,winter,sell
77,male,500,garter,pink,XXL,Adidas,acetate,Taiwan,shopee,spring,sell
78,male,1900,shirt,red,XS,Adidas,linen,Korea,shopee,summer,fail
79,female,300,sweater,white,XXL,Adidas,cotton,Korea,shopee,summer,sell
80,female,300,louse,purple,XS,GAP,lycra,Korea,Storefront,spring,sell
81,male,800,uniforms,orange,XS,Zara,linen,Europe,Storefront,fall,fail
82,male,1400,uniforms,pink,XL,Unique,acetate,Japan,Adidas,winter,sell
83,male,900,suit,orange,XSS,NET,acetate,Europe,shopee,winter,fail
84,female,1200,shirt,yellow,L,GAP,polyester,Japan,amazon,fall,fail
85,male,900,louse,white,M,Adidas,linen,America,shopee,spring,sell
86,female,700,shoes,red,XXXL,H&M,silk,Taiwan,Adidas,winter,fail
87,male,900,garter,blue,S,H&M,nylon,Canada,Internet,summer,fail
88,male,200,sweater,orange,XXL,NET,silk,Canada,Internet,winter,sell
89,female,1800,garter,white,S,NET,acetate,Korea,Adidas,fall,sell
90,male,800,pants,white,XXXL,NIKE,cotton,Canada,amazon,summer,sell
91,male,1900,sweater,purple,XXL,NIKE,linen,Taiwan,amazon,spring,sell
92,female,1700,louse,blue,XXXL,Unique,polyester,Europe,shopee,summer,fail
93,male,1700,shirt,Brown,S,GU,linen,China,Adidas,winter,fail
94,female,1000,dress,blue,XSS,Zara,rayon,Taiwan,Storefront,spring,sell
95,male,1100,shirt,blue,XXXL,NIKE,cotton,America,shopee,summer,fail
96,male,1900,shoes,blue,XXL,NET,rayon,America,Storefront,summer,fail
97,male,700,jack,yellow,XXXL,GU,acetate,Europe,Adidas,summer,fail
98,male,400,louse,orange,XS,GU,spandex,Canada,Internet,winter,fail
99,male,1300,jack,pink,XS,NIKE,linen,Taiwan,Storefront,winter,sell
100,female,1700,pants,Brown,XXL,GU,acetate,America,Adidas,summer,fail
101,male,700,suit,orange,M,NET,acrylic,Taiwan,shopee,fall,sell
102,male,800,coat,Brown,S,GU,nylon,America,Storefront,winter,fail
103,male,200,shirt,blue,XSS,Zara,cotton,Taiwan,Storefront,spring,sell
104,female,1000,louse,purple,XXL,NIKE,polyester,Korea,Storefront,fall,sell
105,female,300,shoes,yellow,M,NIKE,lycra,Europe,Internet,fall,sell
106,male,100,garter,green,L,NIKE,lycra,Korea,shopee,summer,sell
107,male,1000,uniforms,pink,XSS,Zara,acrylic,China,shopee,winter,fail
108,female,1200,garter,white,M,NIKE,polyester,America,amazon,fall,fail
109,male,1200,vest,orange,XSS,Zara,polyester,America,shopee,winter,sell
110,female,300,sweater,purple,XSS,Zara,silk,America,amazon,spring,sell
111,male,1300,pants,white,XXXL,GAP,acrylic,China,Adidas,fall,sell
112,male,300,sweater,black,S,GAP,acrylic,China,Internet,fall,fail
113,male,200,dress,blue,L,Unique,spandex,America,Storefront,winter,sell
114,female,500,jack,black,XXXL,Zara,nylon,America,amazon,summer,sell
115,male,400,jack,yellow,L,GU,silk,Canada,amazon,summer,sell
116,female,1900,louse,white,M,NIKE,cotton,Europe,Storefront,winter,fail
117,male,800,pants,orange,M,NET,lycra,Japan,Storefront,summer,sell
118,female,1000,shirt,black,XSS,NIKE,nylon,Japan,Storefront,winter,fail
119,male,500,jack,orange,M,Adidas,acetate,Europe,Storefront,spring,fail
120,female,200,louse,black,S,NIKE,acetate,Japan,Storefront,fall,sell
121,male,1700,vest,purple,L,Zara,lycra,Taiwan,amazon,summer,sell
122,male,800,sweater,white,XSS,NIKE,nylon,Taiwan,Internet,winter,sell
123,female,1900,garter,black,XL,Zara,acetate,China,Storefront,summer,sell
124,male,1000,suit,purple,XXXL,GAP,cotton,China,Storefront,spring,fail
125,male,500,vest,black,L,NET,rayon,China,Storefront,summer,sell
126,male,300,sweater,green,S,GU,acrylic,Canada,shopee,fall,fail
127,male,1600,vest,white,S,Unique,linen,China,Internet,spring,sell
128,female,400,uniforms,red,L,H&M,acrylic,Japan,Storefront,fall,fail
129,male,1300,sweater,yellow,XL,NET,silk,Japan,Internet,winter,fail
130,female,800,louse,black,XSS,GAP,polyester,Japan,Internet,winter,fail
131,female,400,suit,yellow,M,GAP,rayon,Korea,Adidas,summer,sell
132,male,400,shoes,green,XL,GU,rayon,Taiwan,amazon,spring,sell
133,female,100,shirt,black,M,Zara,nylon,Taiwan,Storefront,winter,sell
134,female,400,uniforms,yellow,XXXL,H&M,acrylic,America,shopee,summer,fail
135,female,1400,vest,red,S,GAP,cotton,Japan,Internet,spring,sell
136,female,1000,shirt,blue,M,Zara,cotton,Taiwan,shopee,fall,sell
137,male,700,louse,purple,XL,Adidas,lycra,America,shopee,spring,fail
138,male,2000,garter,white,XL,GAP,cotton,Taiwan,Storefront,spring,sell
139,female,300,sweater,green,L,Adidas,polyester,Europe,Storefront,spring,sell
140,female,1000,shoes,white,M,GU,rayon,America,Storefront,summer,sell
141,female,700,louse,purple,S,GAP,rayon,Korea,Adidas,summer,sell
142,female,700,louse,yellow,XXXL,GU,spandex,America,Internet,summer,fail
143,female,1100,vest,black,XXXL,GU,acrylic,China,Storefront,winter,fail
144,male,900,sweater,white,XXXL,NET,rayon,Korea,Storefront,fall,sell
145,female,2000,louse,orange,XXL,Unique,polyester,Korea,Adidas,spring,sell
146,male,1200,louse,black,S,GAP,acetate,Korea,Storefront,summer,fail
147,male,1500,suit,red,XXXL,NET,acrylic,Japan,amazon,spring,fail
148,male,600,garter,pink,S,H&M,nylon,Taiwan,Internet,fall,sell
149,male,100,sweater,green,XSS,Unique,silk,Taiwan,Storefront,spring,sell
150,female,1400,pants,blue,S,H&M,spandex,Canada,Internet,fall,sell
151,male,600,jack,yellow,XSS,GAP,silk,America,Internet,summer,fail
152,female,200,garter,red,M,NIKE,lycra,Japan,amazon,summer,sell
153,male,2000,pants,white,XL,Zara,silk,Japan,Internet,spring,sell
154,female,400,garter,orange,XXL,NIKE,acrylic,Korea,amazon,winter,sell
155,female,700,shirt,black,XXXL,NET,nylon,America,Adidas,summer,fail
156,male,1800,garter,white,XL,Zara,spandex,Europe,amazon,fall,sell
157,female,2000,garter,yellow,M,Zara,linen,Taiwan,shopee,spring,sell
158,male,1200,suit,blue,XL,Zara,acetate,Korea,Storefront,spring,fail
159,female,200,coat,white,S,GU,silk,China,shopee,summer,sell
160,male,500,dress,yellow,XXL,Unique,polyester,America,amazon,summer,sell
161,female,1500,shoes,orange,S,NIKE,polyester,Korea,Storefront,winter,sell
162,female,200,pants,yellow,XS,NET,silk,Korea,amazon,spring,sell
163,male,1100,shoes,white,M,Adidas,rayon,Taiwan,amazon,winter,sell
164,female,300,vest,red,L,Zara,acetate,Europe,shopee,fall,sell
165,male,1300,coat,yellow,S,Adidas,rayon,Canada,Storefront,winter,fail
166,male,500,garter,purple,XXL,H&M,spandex,Europe,shopee,fall,fail
167,male,1400,coat,white,XXL,Unique,spandex,Canada,Storefront,fall,sell
168,female,900,shoes,orange,L,NIKE,linen,Taiwan,amazon,summer,fail
169,female,900,dress,black,L,NIKE,spandex,America,shopee,spring,sell
170,male,1600,jack,orange,XXL,Adidas,cotton,Taiwan,shopee,summer,sell
171,male,500,uniforms,green,XXL,NET,silk,Taiwan,Adidas,winter,sell
172,male,1800,garter,orange,S,GU,linen,Japan,amazon,fall,fail
173,male,900,shoes,pink,XXXL,Unique,silk,Taiwan,Internet,summer,sell
174,female,500,jack,red,M,NET,spandex,China,Storefront,spring,fail
175,female,1000,shirt,pink,XXXL,H&M,polyester,Taiwan,Internet,summer,fail
176,female,1400,louse,yellow,XL,NET,cotton,America,Internet,winter,fail
177,male,500,louse,purple,L,Zara,spandex,Korea,Adidas,fall,sell
178,male,1900,suit,red,XXL,NET,silk,America,shopee,spring,fail
179,female,1000,shirt,black,L,GAP,cotton,Japan,Adidas,summer,fail
180,male,1900,shoes,black,S,Adidas,nylon,China,amazon,winter,fail
181,female,2000,coat,Brown,S,GU,lycra,Canada,shopee,fall,sell
182,female,600,vest,orange,XSS,GAP,acrylic,Taiwan,Adidas,winter,fail
183,male,500,uniforms,green,S,GAP,linen,Canada,shopee,spring,fail
184,male,1900,garter,Brown,XXL,Adidas,polyester,America,Storefront,spring,fail
185,male,300,suit,Brown,XXXL,GU,polyester,America,Storefront,fall,fail
186,male,1600,louse,blue,XXXL,Unique,cotton,America,amazon,spring,sell
187,female,1300,sweater,purple,XS,GAP,polyester,Canada,Internet,summer,fail
188,male,1500,vest,black,XXXL,NIKE,linen,Japan,Storefront,fall,sell
189,female,900,sweater,red,M,NIKE,silk,Japan,Internet,winter,fail
190,female,2000,vest,blue,XL,GAP,polyester,America,Storefront,summer,fail
191,female,1000,uniforms,white,XXL,Unique,acrylic,Canada,Storefront,summer,fail
192,male,1200,coat,yellow,S,Adidas,polyester,Taiwan,Storefront,spring,sell
193,male,1500,coat,red,XS,GU,polyester,China,Storefront,fall,fail
194,female,400,shirt,blue,L,NIKE,rayon,Europe,Adidas,summer,sell
195,female,1200,vest,purple,L,GAP,silk,Canada,Storefront,winter,fail
196,male,200,shoes,pink,L,GU,polyester,Taiwan,amazon,fall,sell
197,female,1100,sweater,pink,M,GU,rayon,Japan,amazon,spring,sell
198,male,100,louse,white,M,Unique,cotton,America,Internet,winter,sell
199,male,1600,shoes,Brown,XXL,Adidas,silk,America,shopee,winter,fail
200,female,700,sweater,yellow,S,NET,cotton,Europe,shopee,summer,sell
201,male,400,dress,green,XSS,Adidas,silk,Canada,shopee,fall,fail
202,male,1100,shoes,blue,XXL,Zara,spandex,China,Adidas,spring,fail
203,female,1200,uniforms,orange,XSS,Unique,silk,Canada,shopee,fall,fail
204,female,200,shoes,black,S,NET,nylon,Japan,Internet,summer,sell
205,female,500,coat,Brown,S,NET,silk,Korea,shopee,winter,sell
206,male,500,shirt,green,XSS,GAP,acetate,Canada,Storefront,fall,fail
207,female,100,louse,blue,XS,GAP,acetate,Japan,amazon,summer,sell
208,female,600,louse,green,S,Zara,rayon,Korea,Adidas,fall,sell
209,male,1900,vest,white,XXXL,NET,cotton,China,amazon,summer,sell
210,male,1800,shoes,black,XXXL,GU,linen,Japan,Adidas,fall,fail
211,female,100,shoes,blue,S,Adidas,nylon,Japan,amazon,winter,sell
212,female,900,shirt,yellow,XXXL,NET,cotton,Korea,amazon,summer,sell
213,female,1700,dress,purple,L,NIKE,acetate,America,Adidas,summer,sell
214,male,500,dress,yellow,S,Zara,silk,America,Storefront,summer,fail
215,female,1500,dress,yellow,S,NET,linen,China,Storefront,winter,sell
216,female,100,shoes,purple,XS,NIKE,linen,Korea,Adidas,winter,sell
217,male,700,shoes,blue,XL,Zara,nylon,Korea,Internet,spring,fail
218,male,200,jack,yellow,XXL,NET,rayon,Taiwan,Adidas,winter,sell
219,male,900,sweater,pink,M,Zara,nylon,Korea,Adidas,spring,fail
220,female,100,garter,white,XXL,GU,acrylic,China,shopee,summer,sell
221,female,400,jack,green,XS,H&M,nylon,Japan,Storefront,winter,fail
222,male,2000,garter,red,XSS,Unique,nylon,China,amazon,spring,sell
223,male,400,pants,pink,XSS,GU,rayon,Taiwan,amazon,summer,sell
224,female,1600,shirt,blue,XSS,GU,polyester,Europe,amazon,spring,fail
225,male,1600,coat,Brown,M,Unique,spandex,Japan,Adidas,spring,sell
226,male,800,sweater,purple,XL,Zara,nylon,Japan,Adidas,winter,fail
227,female,200,dress,pink,XXL,NIKE,spandex,America,shopee,fall,sell
228,male,1900,louse,green,XSS,NET,spandex,Europe,Internet,fall,fail
229,female,500,sweater,pink,XXXL,GU,acrylic,America,Storefront,fall,fail
230,female,1500,sweater,orange,L,NIKE,polyester,Europe,Storefront,spring,fail
231,male,2000,louse,white,L,GAP,silk,Taiwan,amazon,summer,sell
232,female,300,dress,Brown,L,Adidas,nylon,America,Adidas,spring,sell
233,male,2000,jack,purple,XSS,NIKE,polyester,Canada,Internet,winter,fail
234,male,1700,suit,purple,XS,NIKE,linen,Korea,Internet,summer,fail
235,female,400,dress,red,XS,H&M,rayon,Canada,Adidas,summer,sell
236,male,500,jack,orange,XS,Unique,rayon,Europe,shopee,fall,sell
237,female,1500,vest,blue,XXXL,NET,rayon,China,shopee,fall,sell
238,female,300,coat,red,XS,H&M,cotton,America,Adidas,summer,sell
239,female,900,vest,Brown,L,Unique,acetate,Korea,shopee,spring,sell
240,male,1700,suit,pink,XXL,GAP,lycra,Canada,shopee,summer,fail
241,female,1800,coat,blue,XXXL,H&M,lycra,China,shopee,winter,fail
242,male,900,garter,white,XXL,Zara,linen,America,Internet,winter,sell
243,female,2000,pants,white,S,Unique,linen,China,Storefront,summer,sell
244,female,900,shirt,Brown,S,H&M,polyester,America,amazon,fall,sell
245,female,800,sweater,orange,S,Adidas,silk,Canada,Internet,summer,sell
246,male,600,pants,green,XS,Zara,rayon,China,shopee,spring,sell
247,male,400,jack,black,XL,GAP,acrylic,Taiwan,Storefront,summer,sell
248,female,600,shirt,Brown,M,Adidas,nylon,Taiwan,Internet,summer,fail
249,male,1400,shoes,blue,XS,H&M,nylon,Korea,Internet,summer,fail
250,female,100,pants,white,M,NET,polyester,Taiwan,Adidas,fall,sell
251,male,400,coat,black,S,Unique,acetate,Korea,amazon,spring,sell
252,female,400,louse,orange,L,H&M,polyester,America,Internet,summer,fail
253,female,1700,coat,green,S,H&M,acrylic,Canada,amazon,fall,sell
254,female,700,shirt,white,XL,NET,rayon,Europe,Adidas,summer,sell
255,male,1800,vest,orange,L,GU,linen,China,Adidas,summer,sell
256,male,1600,pants,green,XS,Zara,silk,Canada,Adidas,summer,sell
257,male,2000,coat,yellow,XL,Adidas,linen,Europe,amazon,fall,fail
258,female,700,louse,yellow,XXXL,Unique,acrylic,Canada,shopee,summer,fail
259,female,1200,garter,orange,XXL,NET,nylon,Korea,Storefront,summer,sell
260,male,2000,shoes,purple,M,Zara,polyester,Japan,Adidas,fall,fail
261,male,700,vest,black,XXXL,NET,nylon,Korea,Storefront,spring,sell
262,male,1900,jack,white,M,H&M,spandex,Japan,Adidas,fall,sell
263,male,300,garter,blue,XS,GU,lycra,China,Storefront,fall,fail
264,male,100,shoes,Brown,XSS,GAP,nylon,China,Internet,fall,sell
265,male,2000,jack,red,M,NET,rayon,Japan,Storefront,fall,fail
266,male,1800,sweater,Brown,XSS,GU,lycra,Taiwan,Adidas,spring,sell
267,female,900,uniforms,orange,XS,NET,polyester,Korea,Internet,fall,sell
268,male,200,pants,white,M,NIKE,spandex,America,Storefront,winter,sell
269,female,800,coat,green,XS,Zara,acetate,America,Adidas,summer,sell
270,male,900,shirt,pink,XXXL,Zara,acetate,China,amazon,spring,fail
271,male,500,suit,yellow,XXXL,NIKE,acrylic,Taiwan,shopee,summer,sell
272,female,2000,vest,green,XL,Adidas,polyester,China,shopee,summer,fail
273,female,500,shirt,orange,L,NIKE,nylon,Canada,Storefront,summer,fail
274,female,1500,suit,white,M,Zara,acetate,Japan,Internet,winter,sell
275,male,700,garter,orange,XL,GU,acrylic,Europe,Storefront,fall,fail
276,male,1600,dress,white,M,Adidas,polyester,America,Adidas,summer,sell
277,male,1200,dress,orange,S,H&M,rayon,America,amazon,winter,fail
278,female,1200,shirt,white,M,Unique,spandex,America,amazon,spring,fail
279,female,900,vest,yellow,L,H&M,linen,Europe,shopee,winter,fail
280,male,800,shirt,white,XS,Unique,nylon,China,Storefront,spring,sell
281,female,800,coat,white,XS,GAP,silk,Taiwan,Adidas,fall,fail
282,male,900,coat,white,XL,H&M,rayon,China,shopee,winter,sell
283,female,1300,shoes,yellow,L,Adidas,rayon,America,shopee,spring,sell
284,female,200,dress,white,L,Unique,cotton,Japan,shopee,summer,sell
285,female,200,pants,purple,S,NIKE,polyester,Taiwan,Internet,winter,sell
286,male,500,pants,black,S,H&M,polyester,China,Adidas,fall,sell
287,female,1200,coat,black,XS,NET,lycra,Japan,Adidas,spring,fail
288,female,800,garter,purple,L,Unique,spandex,America,amazon,fall,fail
289,female,600,sweater,purple,M,Adidas,nylon,Canada,Storefront,summer,fail
290,male,900,sweater,black,XSS,H&M,nylon,Canada,amazon,winter,fail
291,female,900,uniforms,Brown,XXL,H&M,silk,Taiwan,Internet,spring,fail
292,female,200,garter,red,L,GAP,acetate,Canada,Adidas,summer,sell
293,female,1100,uniforms,black,XL,Zara,rayon,Europe,Storefront,fall,sell
294,male,1000,garter,orange,XSS,Unique,polyester,Korea,Internet,winter,sell
295,male,1500,louse,blue,XXL,NET,acetate,Taiwan,Storefront,summer,sell
296,male,2000,sweater,white,XL,H&M,acetate,Canada,Adidas,winter,sell
297,male,1500,louse,white,M,NET,polyester,Japan,Storefront,winter,sell
298,male,1600,suit,orange,XSS,NIKE,linen,Korea,amazon,winter,fail
299,male,200,dress,purple,XXXL,Unique,silk,Korea,Storefront,fall,sell
300,male,300,pants,orange,XSS,NIKE,rayon,America,amazon,spring,sell
301,female,1400,shirt,yellow,XSS,NIKE,spandex,America,amazon,spring,fail
302,male,700,vest,blue,XXXL,Adidas,acrylic,Europe,Storefront,fall,sell
303,female,600,coat,orange,S,Unique,polyester,China,shopee,spring,sell
304,female,200,vest,white,M,Adidas,acrylic,Japan,Adidas,fall,sell
305,male,1300,vest,orange,L,Unique,linen,Korea,shopee,fall,sell
306,male,600,shirt,red,L,Adidas,linen,Taiwan,Adidas,fall,sell
307,male,200,shirt,green,XL,Zara,acetate,Taiwan,Internet,summer,sell
308,female,1800,louse,red,XSS,Adidas,nylon,Canada,Internet,summer,fail
309,male,1900,suit,white,M,GAP,silk,America,amazon,fall,sell
310,male,600,uniforms,blue,XXL,H&M,nylon,China,amazon,winter,fail
311,female,700,uniforms,orange,XS,GAP,cotton,Taiwan,shopee,spring,fail
312,male,200,sweater,black,XL,Zara,acetate,America,Internet,winter,sell
313,female,500,garter,orange,XSS,GAP,polyester,America,Adidas,summer,fail
314,male,100,garter,yellow,XXL,GAP,polyester,Europe,Adidas,spring,sell
315,female,1200,garter,yellow,L,NET,lycra,Taiwan,Internet,spring,fail
316,female,2000,coat,yellow,XSS,GAP,lycra,Taiwan,Storefront,winter,fail
317,male,1600,shirt,green,XL,H&M,polyester,Canada,Storefront,fall,fail
318,male,900,pants,black,XXL,Zara,silk,Korea,shopee,spring,sell
319,male,900,pants,black,XXXL,H&M,acetate,America,Adidas,fall,sell
320,female,1400,shirt,yellow,L,NIKE,polyester,Taiwan,Storefront,fall,fail
321,male,800,jack,pink,XXXL,NET,nylon,China,Internet,fall,fail
322,female,500,garter,yellow,XS,Zara,acetate,Korea,Internet,summer,sell
323,male,1100,suit,orange,M,NIKE,cotton,Japan,Internet,fall,fail
324,female,200,garter,white,XSS,GU,nylon,Korea,Storefront,summer,sell
325,female,1800,pants,green,XS,Adidas,silk,Korea,Storefront,summer,sell
326,male,1700,shoes,red,M,Adidas,spandex,America,shopee,winter,fail
327,male,400,coat,yellow,XL,NIKE,silk,Taiwan,Adidas,spring,sell
328,male,400,louse,Brown,XS,NIKE,acrylic,Taiwan,Internet,summer,sell
329,male,300,uniforms,red,M,NET,polyester,Japan,shopee,summer,fail
330,female,100,dress,purple,L,Adidas,cotton,Canada,shopee,winter,sell
331,male,1800,vest,orange,XS,NET,acrylic,China,amazon,winter,sell
332,female,1300,jack,yellow,S,Unique,silk,America,Internet,spring,sell
333,male,1800,coat,blue,S,H&M,nylon,China,Adidas,spring,fail
334,female,400,pants,purple,XS,GAP,silk,America,Adidas,fall,fail
335,female,500,jack,white,XXXL,NET,rayon,Korea,amazon,summer,sell
336,male,300,shirt,pink,M,Unique,acrylic,Canada,Internet,fall,sell
337,male,1900,jack,white,XSS,NIKE,silk,Taiwan,Storefront,winter,sell
338,male,1900,coat,Brown,XXXL,GAP,nylon,Europe,Internet,summer,fail
339,male,900,garter,pink,XXL,Adidas,rayon,America,Adidas,spring,fail
340,male,1400,dress,pink,XS,NET,polyester,Europe,shopee,spring,fail
341,male,1800,shirt,red,XL,NIKE,acrylic,Europe,Internet,spring,fail
342,female,500,sweater,Brown,XXL,NET,silk,America,amazon,spring,fail
343,male,1700,jack,pink,XL,GU,spandex,China,Storefront,spring,fail
344,male,300,garter,pink,XS,H&M,nylon,Europe,Storefront,spring,fail
345,female,600,louse,Brown,M,Adidas,acetate,China,amazon,summer,fail
346,female,900,louse,pink,XL,GU,acetate,China,Storefront,summer,fail
347,female,800,pants,purple,XXL,NET,silk,Canada,Adidas,spring,fail
348,male,1400,dress,black,XXXL,GAP,linen,Europe,Adidas,summer,fail
349,male,1700,pants,white,S,GAP,polyester,Canada,Storefront,spring,sell
350,male,900,vest,yellow,XXXL,H&M,linen,Taiwan,amazon,spring,sell
351,male,600,jack,pink,XXL,Zara,polyester,China,Storefront,winter,fail
352,female,1600,sweater,red,XXXL,Adidas,rayon,Europe,amazon,winter,sell
353,female,500,uniforms,yellow,M,Adidas,cotton,China,Internet,spring,fail
354,female,900,sweater,Brown,XSS,GU,nylon,America,amazon,winter,fail
355,male,300,sweater,orange,XL,H&M,linen,America,Storefront,spring,fail
356,female,1000,suit,blue,XXXL,NIKE,cotton,Europe,Adidas,summer,fail
357,female,1600,sweater,blue,L,Adidas,acrylic,Taiwan,Adidas,summer,fail
358,male,1800,dress,purple,XXXL,NIKE,acrylic,Taiwan,shopee,spring,sell
359,female,1100,uniforms,pink,L,Zara,lycra,China,Adidas,spring,sell
360,female,1700,uniforms,yellow,XXL,H&M,cotton,Japan,Storefront,fall,fail
361,male,1800,jack,blue,S,Unique,nylon,Korea,shopee,fall,sell
362,male,1600,garter,green,XL,H&M,nylon,America,Storefront,summer,fail
363,male,1600,shirt,black,L,Unique,polyester,Europe,Storefront,fall,sell
364,male,1200,pants,purple,XL,NET,spandex,Taiwan,amazon,summer,sell
365,male,900,dress,purple,XS,Zara,linen,Canada,Adidas,summer,fail
366,male,2000,coat,blue,M,GU,silk,America,Storefront,fall,fail
367,male,300,garter,yellow,S,Zara,cotton,China,shopee,fall,fail
368,male,1200,shoes,green,XL,Adidas,lycra,Europe,Storefront,spring,fail
369,male,1600,vest,green,XXXL,H&M,lycra,China,Internet,spring,sell
370,male,1600,suit,red,S,H&M,polyester,Taiwan,shopee,winter,sell
371,female,1500,uniforms,yellow,XXL,Unique,acrylic,Japan,Storefront,winter,fail
372,female,1800,shirt,black,XSS,H&M,linen,Japan,Adidas,winter,fail
373,male,1100,pants,blue,XXXL,Adidas,acetate,Japan,Storefront,spring,sell
374,female,400,louse,orange,L,GU,acetate,Korea,Adidas,summer,sell
375,male,1600,sweater,Brown,XL,GU,rayon,Japan,Internet,fall,fail
376,female,1000,louse,blue,XS,GU,silk,Japan,amazon,spring,fail
377,male,1800,shirt,pink,XXXL,H&M,rayon,Taiwan,shopee,spring,sell
378,female,500,coat,blue,XS,NIKE,silk,Taiwan,shopee,spring,fail
379,male,1200,shoes,white,M,Unique,silk,Korea,Storefront,spring,sell
380,female,100,shirt,yellow,S,GAP,linen,Canada,Adidas,winter,sell
381,female,300,garter,orange,XS,Zara,acetate,Canada,Internet,spring,sell
382,male,300,shirt,Brown,XS,H&M,acetate,China,amazon,winter,fail
383,male,700,shoes,green,L,Unique,rayon,America,Adidas,winter,sell
384,female,1500,vest,green,XSS,Zara,lycra,America,shopee,winter,sell
385,female,1300,louse,yellow,XXXL,Zara,linen,Japan,Adidas,spring,sell
386,male,1900,uniforms,Brown,S,NET,acrylic,Taiwan,amazon,winter,sell
387,male,800,garter,yellow,L,H&M,rayon,China,Internet,fall,sell
388,male,600,vest,black,XS,Zara,rayon,China,Internet,summer,sell
389,female,700,pants,Brown,XXL,Zara,acrylic,Japan,Internet,summer,sell
390,male,400,uniforms,blue,XS,Unique,acetate,Taiwan,Storefront,summer,sell
391,male,1800,louse,pink,S,GAP,polyester,Taiwan,Internet,spring,sell
392,male,1300,coat,Brown,L,NIKE,rayon,Korea,Storefront,spring,sell
393,female,1300,dress,orange,XSS,NET,polyester,Europe,Adidas,summer,sell
394,male,1800,shirt,yellow,XS,Zara,polyester,Canada,Adidas,spring,fail
395,male,1800,vest,blue,XXL,Zara,polyester,Canada,Storefront,winter,sell
396,female,2000,vest,Brown,XS,GU,lycra,Taiwan,Adidas,winter,fail
397,male,1200,pants,white,S,H&M,nylon,China,Internet,summer,sell
398,male,2000,sweater,green,XL,Zara,rayon,America,amazon,spring,fail
399,female,100,vest,green,XL,Zara,linen,Korea,Internet,summer,sell
400,female,100,dress,orange,XXXL,GAP,lycra,Japan,Internet,fall,sell
401,male,900,louse,purple,XSS,Zara,silk,Japan,amazon,summer,fail
402,male,700,shoes,red,XXXL,Zara,lycra,Taiwan,shopee,spring,sell
403,female,500,coat,white,M,NIKE,silk,Europe,amazon,fall,fail
404,female,1600,coat,green,XS,NIKE,nylon,Korea,amazon,summer,sell
405,male,1000,jack,Brown,XXXL,Adidas,lycra,Japan,Adidas,spring,fail
406,male,200,louse,orange,XS,NIKE,acetate,America,Storefront,spring,sell
407,female,1100,louse,pink,XSS,NET,linen,China,amazon,summer,fail
408,female,300,coat,green,XS,GAP,acetate,Japan,Internet,spring,sell
409,female,1300,coat,pink,XXXL,NET,spandex,Korea,amazon,winter,sell
410,male,400,vest,black,L,Zara,lycra,Korea,Adidas,summer,sell
411,male,1400,sweater,red,XSS,Unique,rayon,Canada,amazon,fall,sell
412,male,300,jack,orange,S,GU,lycra,Taiwan,Storefront,spring,sell
413,female,600,sweater,pink,S,GU,cotton,Europe,Storefront,summer,sell
414,female,1400,shoes,black,XXXL,H&M,cotton,Japan,amazon,spring,fail
415,male,1100,dress,orange,XXL,H&M,acetate,Taiwan,amazon,spring,sell
416,male,900,suit,green,XSS,Zara,nylon,China,Adidas,fall,fail
417,female,1900,vest,pink,XSS,GAP,polyester,China,amazon,fall,fail
418,male,200,coat,purple,XS,GAP,acrylic,America,Storefront,fall,sell
419,male,700,suit,purple,XSS,Zara,nylon,Taiwan,amazon,fall,sell
420,female,1200,dress,green,XXL,Zara,lycra,America,Adidas,spring,sell
421,female,300,pants,yellow,XL,H&M,lycra,China,Storefront,spring,sell
422,female,1900,louse,black,XS,NIKE,acrylic,Korea,Adidas,winter,sell
423,male,1600,vest,white,S,NET,cotton,China,Internet,spring,sell
424,male,600,uniforms,black,XSS,Adidas,rayon,Taiwan,Adidas,fall,sell
425,female,1900,suit,pink,XXL,GAP,acetate,Europe,Adidas,summer,fail
426,male,1500,shoes,blue,S,Zara,polyester,Japan,amazon,spring,fail
427,female,100,coat,orange,XXL,GU,cotton,Taiwan,Internet,winter,sell
428,female,400,jack,green,L,H&M,rayon,Korea,Internet,spring,sell
429,female,1000,dress,yellow,XS,GU,lycra,Korea,Storefront,winter,sell
430,female,1800,jack,Brown,XXL,H&M,rayon,Canada,shopee,summer,sell
431,female,1700,suit,white,XSS,Adidas,acrylic,Canada,shopee,summer,fail
432,male,500,vest,Brown,XS,Zara,nylon,America,Storefront,fall,sell
433,male,200,garter,green,S,NET,rayon,China,Adidas,winter,sell
434,female,1600,jack,yellow,XL,Zara,silk,China,Adidas,spring,sell
435,female,400,sweater,red,XXL,NET,cotton,America,Adidas,spring,fail
436,male,600,sweater,Brown,S,Unique,rayon,Taiwan,Storefront,winter,sell
437,male,100,louse,Brown,M,Unique,nylon,Europe,Storefront,fall,sell
438,male,1500,suit,red,M,H&M,linen,Taiwan,amazon,spring,sell
439,male,700,jack,black,L,NET,rayon,Korea,Adidas,fall,sell
440,female,2000,sweater,orange,XSS,Unique,spandex,America,shopee,summer,fail
441,female,100,louse,blue,XS,Unique,silk,China,Adidas,summer,sell
442,female,500,dress,red,XS,Adidas,cotton,China,Storefront,summer,sell
443,female,900,sweater,green,XL,GU,acrylic,Korea,shopee,spring,sell
444,female,1800,uniforms,black,XXXL,NET,polyester,Japan,Adidas,fall,fail
445,female,900,pants,white,XS,Zara,spandex,Europe,Storefront,fall,sell
446,male,1800,coat,red,XS,Adidas,silk,Taiwan,Adidas,summer,sell
447,female,1900,jack,red,XSS,GU,spandex,America,Internet,summer,fail
448,male,1200,suit,Brown,XXXL,Unique,lycra,Japan,amazon,summer,sell
449,male,1200,pants,green,L,GU,linen,Taiwan,amazon,spring,sell
450,female,1000,coat,blue,XXL,H&M,lycra,Japan,Adidas,fall,fail
451,male,400,sweater,Brown,XS,GAP,lycra,America,Storefront,summer,fail
452,male,1200,louse,green,XS,Unique,nylon,Japan,amazon,winter,sell
453,male,1900,jack,blue,S,Adidas,silk,Taiwan,Adidas,fall,sell
454,male,500,pants,black,S,GU,lycra,Taiwan,Adidas,summer,sell
455,female,1500,sweater,white,XXL,H&M,rayon,Europe,amazon,winter,sell
456,male,1400,vest,yellow,XSS,H&M,lycra,Taiwan,Storefront,summer,sell
457,female,1100,pants,red,XL,NET,nylon,China,Internet,winter,fail
458,male,600,uniforms,green,L,NET,nylon,Canada,Storefront,winter,sell
459,female,1800,vest,yellow,XSS,Zara,nylon,Japan,Adidas,fall,sell
460,female,400,coat,purple,M,NIKE,polyester,Canada,shopee,fall,fail
461,female,1000,uniforms,purple,XS,H&M,acetate,America,Internet,spring,fail
462,female,300,dress,green,S,NIKE,silk,Canada,Adidas,winter,sell
463,male,400,pants,yellow,XL,GAP,acetate,Canada,Storefront,summer,sell
464,male,700,suit,orange,XXL,H&M,spandex,America,Adidas,summer,fail
465,female,1300,vest,yellow,M,Zara,lycra,Japan,amazon,winter,sell
466,female,800,garter,pink,XS,NIKE,spandex,Taiwan,Adidas,spring,fail
467,male,100,shoes,red,M,NET,lycra,America,Adidas,winter,sell
468,female,1100,sweater,white,M,Unique,linen,China,Storefront,fall,fail
469,female,200,suit,purple,M,GAP,rayon,Japan,Internet,summer,sell
470,female,500,garter,yellow,M,Unique,linen,Canada,Storefront,summer,fail
471,female,1300,jack,Brown,XL,Unique,rayon,America,Internet,winter,sell
472,female,400,sweater,black,M,Zara,rayon,Japan,Adidas,summer,sell
473,male,1900,garter,purple,XXXL,H&M,lycra,Taiwan,amazon,summer,sell
474,male,200,pants,pink,XXXL,GU,spandex,Europe,Adidas,winter,sell
475,male,1200,jack,blue,XXL,Adidas,silk,Japan,Adidas,summer,fail
476,female,400,uniforms,Brown,XSS,Unique,polyester,America,Storefront,winter,fail
477,male,600,shoes,Brown,S,Adidas,lycra,China,shopee,summer,fail
478,male,1900,vest,red,XS,NIKE,spandex,Japan,Adidas,summer,sell
479,female,400,jack,blue,S,H&M,silk,America,shopee,summer,sell
480,female,1600,coat,black,XXL,Adidas,silk,Canada,Internet,spring,fail
481,female,1200,suit,purple,L,Zara,spandex,China,Adidas,winter,sell
482,male,1600,sweater,orange,XXXL,GU,rayon,Taiwan,Storefront,fall,sell
483,male,700,coat,Brown,XL,Zara,spandex,Europe,amazon,summer,fail
484,female,900,vest,pink,S,Adidas,polyester,Europe,Adidas,fall,sell
485,female,1300,garter,orange,XXL,NET,cotton,Europe,amazon,winter,fail
486,male,1000,louse,purple,M,GAP,lycra,Taiwan,shopee,spring,sell
487,male,1400,garter,orange,M,NET,acrylic,China,Storefront,summer,fail
488,female,1600,suit,black,XXXL,H&M,acrylic,Korea,amazon,spring,sell
489,female,400,pants,blue,S,Zara,polyester,Japan,Internet,winter,sell
490,male,800,vest,black,M,NET,acrylic,America,Internet,winter,sell
491,male,900,dress,orange,XXXL,NET,cotton,Europe,amazon,spring,fail
492,male,800,sweater,Brown,L,GAP,cotton,Canada,Adidas,fall,sell
493,male,600,louse,black,XSS,NIKE,acrylic,Europe,Storefront,summer,fail
494,female,1700,dress,green,L,Adidas,nylon,Europe,Storefront,summer,sell
495,male,1300,sweater,white,M,Unique,linen,Canada,amazon,summer,sell
496,male,500,jack,yellow,L,Zara,rayon,China,Storefront,spring,sell
497,female,1000,coat,blue,L,GAP,polyester,America,Storefront,spring,fail
498,male,2000,coat,black,L,GAP,linen,Europe,Internet,fall,sell
499,male,1600,shoes,orange,XL,Zara,lycra,Canada,Internet,winter,fail
500,male,1900,uniforms,black,L,Zara,acetate,Europe,Storefront,spring,sell
501,female,1000,suit,green,XXL,Zara,cotton,Europe,Storefront,winter,sell
502,female,1500,shirt,yellow,M,NIKE,acetate,Taiwan,amazon,summer,fail
503,female,2000,shirt,green,M,H&M,rayon,America,Internet,summer,sell
504,female,1400,louse,Brown,XXXL,Adidas,acetate,Europe,Internet,winter,fail
505,female,1300,suit,red,XXL,Adidas,silk,America,Storefront,winter,fail
506,male,1800,shirt,yellow,XL,NIKE,rayon,Korea,Adidas,summer,fail
507,female,100,garter,blue,M,Adidas,silk,Taiwan,Storefront,winter,sell
508,male,1700,louse,red,S,H&M,silk,Korea,Internet,winter,fail
509,male,700,vest,white,XXXL,Adidas,acetate,Canada,shopee,summer,sell
510,male,200,louse,orange,S,NET,lycra,Europe,Internet,spring,sell
511,female,900,vest,red,S,GAP,rayon,Korea,amazon,fall,sell
512,female,600,louse,yellow,S,Unique,spandex,Taiwan,amazon,fall,sell
513,male,100,louse,Brown,M,GAP,linen,Korea,Internet,fall,sell
514,female,1200,coat,black,L,Unique,acrylic,Canada,Storefront,fall,fail
515,male,1900,coat,orange,L,Zara,linen,Japan,shopee,summer,sell
516,female,600,shoes,white,XXXL,GAP,rayon,Japan,Storefront,summer,sell
517,male,200,sweater,orange,XSS,NIKE,silk,Taiwan,Storefront,spring,sell
518,male,600,sweater,purple,M,Unique,lycra,Canada,amazon,summer,sell
519,female,100,uniforms,red,XXXL,GAP,polyester,America,Adidas,summer,sell
520,female,1300,pants,Brown,XXXL,NET,rayon,Taiwan,Adidas,fall,sell
521,female,1100,jack,black,M,H&M,nylon,America,Adidas,winter,fail
522,female,1000,jack,black,L,NET,rayon,Canada,Internet,winter,sell
523,female,1800,pants,purple,XSS,Zara,linen,Korea,shopee,spring,sell
524,female,2000,sweater,yellow,XL,Zara,lycra,Japan,Adidas,winter,sell
525,male,100,garter,pink,XL,H&M,linen,Taiwan,Internet,winter,sell
526,female,1500,dress,purple,XL,GU,cotton,America,Adidas,summer,sell
527,male,300,pants,pink,XL,GU,polyester,America,Adidas,spring,sell
528,male,1300,louse,orange,XSS,Adidas,acetate,Taiwan,Adidas,winter,sell
529,male,1200,jack,yellow,L,GU,silk,Korea,shopee,fall,sell
530,female,1500,sweater,purple,XS,GAP,cotton,Taiwan,amazon,winter,fail
531,female,800,shoes,orange,L,NET,nylon,America,Internet,summer,fail
532,male,1400,louse,white,XSS,Adidas,lycra,China,shopee,winter,sell
533,female,900,suit,purple,XXXL,GU,spandex,China,Storefront,summer,fail
534,male,1300,uniforms,white,XS,GAP,acetate,Korea,Storefront,fall,sell
535,female,1100,dress,orange,XL,Zara,cotton,Korea,Internet,winter,sell
536,male,700,suit,orange,XL,Zara,polyester,America,Adidas,spring,fail
537,male,700,dress,pink,S,NET,acetate,America,Internet,fall,fail
538,male,200,louse,orange,M,GAP,silk,America,amazon,spring,sell
539,female,600,sweater,black,L,NIKE,lycra,Taiwan,Internet,winter,fail
540,female,1700,pants,red,XSS,H&M,cotton,China,Internet,spring,fail
541,female,1600,shirt,Brown,L,GU,rayon,Taiwan,Adidas,spring,sell
542,female,1600,garter,black,XXL,NIKE,spandex,Japan,Storefront,winter,fail
543,male,1500,sweater,black,XSS,Adidas,rayon,China,Adidas,fall,fail
544,female,2000,coat,black,XXXL,NIKE,lycra,Japan,shopee,winter,fail
545,male,400,coat,purple,XXL,NIKE,silk,Japan,amazon,spring,fail
546,female,1400,sweater,black,XL,H&M,linen,Japan,shopee,summer,fail
547,female,900,coat,blue,S,GAP,cotton,Canada,Storefront,summer,sell
548,male,1800,louse,blue,XSS,H&M,rayon,America,Internet,winter,fail
549,female,1900,vest,purple,XL,GAP,rayon,China,Internet,fall,sell
550,male,200,jack,orange,S,Adidas,acetate,America,Adidas,summer,sell
551,male,1800,shoes,black,XXL,GAP,polyester,Japan,Storefront,winter,fail
552,male,600,suit,Brown,XS,GAP,linen,Europe,shopee,winter,fail
553,male,500,louse,white,S,Adidas,spandex,Japan,Adidas,fall,sell
554,male,100,uniforms,purple,XL,H&M,cotton,Japan,Internet,summer,sell
555,male,700,louse,blue,XXXL,Adidas,lycra,America,shopee,summer,fail
556,female,300,pants,blue,L,NIKE,acrylic,Taiwan,shopee,fall,sell
557,female,2000,sweater,purple,XS,GU,silk,Taiwan,Adidas,fall,fail
558,male,1600,shoes,green,XXXL,H&M,acrylic,Taiwan,Internet,summer,sell
559,male,1400,coat,Brown,S,NET,spandex,Taiwan,Adidas,spring,sell
560,female,200,pants,yellow,XL,GU,cotton,Taiwan,shopee,winter,sell
561,male,1900,coat,orange,M,GAP,polyester,Taiwan,Internet,summer,sell
562,male,1600,uniforms,red,M,GAP,acetate,Korea,Adidas,spring,fail
563,female,600,suit,black,XL,H&M,cotton,Canada,Adidas,summer,fail
564,male,200,coat,white,XXXL,GAP,nylon,China,Storefront,summer,sell
565,male,1300,uniforms,purple,XS,Adidas,acrylic,Korea,Adidas,fall,fail
566,male,1400,vest,black,S,NIKE,lycra,Europe,shopee,winter,sell
567,male,1000,louse,purple,XS,Unique,cotton,Taiwan,shopee,summer,sell
568,male,1200,jack,blue,XS,NIKE,rayon,Korea,Adidas,fall,fail
569,female,1300,garter,red,S,Zara,spandex,Taiwan,Storefront,spring,sell
570,male,1200,suit,orange,XS,GU,acetate,America,shopee,winter,fail
571,male,1500,jack,orange,XXL,NET,acrylic,China,shopee,winter,fail
572,female,1400,coat,yellow,L,H&M,cotton,America,shopee,spring,fail
573,male,2000,suit,yellow,S,GAP,lycra,China,Storefront,fall,fail
574,male,1500,shirt,black,XSS,H&M,acetate,America,shopee,summer,fail
575,male,800,coat,purple,L,NIKE,acetate,Europe,Internet,fall,sell
576,male,2000,sweater,red,XS,Zara,spandex,America,Storefront,spring,fail
577,female,600,dress,green,XXXL,Adidas,lycra,Europe,Internet,spring,sell
578,male,700,suit,yellow,XXL,Unique,acetate,Taiwan,Adidas,winter,sell
579,male,700,shirt,black,S,Zara,acetate,Canada,shopee,winter,fail
580,female,900,dress,blue,L,Unique,lycra,Korea,shopee,spring,sell
581,female,800,vest,orange,XS,NET,nylon,America,Adidas,summer,fail
582,female,200,suit,black,XL,NET,spandex,America,Storefront,fall,sell
583,male,1400,shirt,purple,M,NIKE,cotton,Canada,Storefront,summer,fail
584,female,1700,shoes,green,XSS,GU,rayon,Canada,Internet,fall,sell
585,female,1500,vest,Brown,S,Unique,rayon,Taiwan,Adidas,winter,sell
586,female,600,shirt,Brown,L,H&M,spandex,China,shopee,spring,fail
587,male,1900,coat,red,L,H&M,acetate,Korea,Storefront,summer,sell
588,male,1800,shoes,Brown,XSS,NIKE,linen,Europe,Storefront,fall,fail
589,male,900,shirt,purple,XS,Adidas,spandex,Japan,amazon,fall,fail
590,female,900,jack,blue,L,GAP,acetate,Taiwan,amazon,fall,fail
591,female,300,louse,black,XSS,GU,silk,Canada,Storefront,summer,sell
592,female,1100,shirt,red,XL,GU,rayon,Japan,Storefront,spring,sell
593,male,2000,shoes,orange,L,Unique,rayon,Taiwan,shopee,winter,sell
594,male,1200,shoes,purple,S,Unique,linen,America,shopee,summer,sell
595,male,200,coat,yellow,XXXL,GU,rayon,China,Storefront,summer,sell
596,female,1300,garter,pink,S,Unique,spandex,Japan,Storefront,winter,sell
597,male,1900,garter,orange,XS,GAP,acrylic,China,amazon,spring,fail
598,female,700,shirt,purple,XXL,Unique,lycra,Korea,amazon,spring,sell
599,male,1900,suit,orange,XL,Unique,nylon,China,Internet,winter,sell
600,female,900,louse,orange,M,Unique,linen,China,Internet,spring,fail
601,male,1200,sweater,black,XS,GU,nylon,Korea,shopee,spring,fail
602,male,1700,louse,purple,XS,NIKE,acetate,Korea,Internet,winter,fail
603,male,1200,shoes,Brown,S,GAP,acetate,Japan,amazon,fall,fail
604,female,1200,suit,orange,XL,GAP,spandex,Europe,Storefront,spring,fail
605,female,1000,suit,red,S,NET,linen,Canada,amazon,winter,sell
606,male,200,pants,yellow,XSS,NET,polyester,Korea,amazon,summer,sell
607,female,1400,uniforms,Brown,XXXL,GAP,acetate,Taiwan,amazon,winter,fail
608,female,1200,sweater,blue,XSS,GAP,spandex,China,amazon,winter,fail
609,female,1700,dress,yellow,XXXL,Unique,polyester,America,amazon,winter,sell
610,male,1600,shoes,red,XS,H&M,linen,America,shopee,fall,fail
611,male,500,garter,purple,L,NIKE,nylon,Korea,Storefront,summer,sell
612,male,1900,shirt,green,L,GAP,silk,Japan,Storefront,summer,sell
613,male,1700,shoes,white,S,Adidas,silk,Taiwan,shopee,summer,sell
614,female,800,shoes,pink,XSS,GAP,silk,Taiwan,Adidas,fall,fail
615,male,1300,dress,blue,XS,GU,spandex,Korea,shopee,fall,fail
616,male,800,suit,black,XL,Zara,linen,Europe,Adidas,fall,fail
617,female,1600,shirt,green,XXL,GAP,cotton,China,amazon,summer,fail
618,female,900,shoes,Brown,XS,GU,linen,America,Internet,fall,fail
619,male,900,louse,white,XL,NIKE,silk,Canada,Adidas,summer,sell
620,male,1600,dress,black,S,GU,polyester,Taiwan,amazon,winter,sell
621,female,1600,shoes,green,XSS,Adidas,cotton,Taiwan,Internet,winter,fail
622,female,600,uniforms,red,XS,GU,lycra,Europe,Internet,fall,fail
623,female,100,shirt,Brown,XL,GAP,spandex,Taiwan,Adidas,fall,sell
624,male,2000,shirt,blue,S,NIKE,rayon,China,Storefront,fall,fail
625,male,1800,sweater,Brown,XL,GU,spandex,Korea,amazon,winter,fail
626,male,700,dress,orange,M,Adidas,acetate,Taiwan,Internet,winter,sell
627,female,700,louse,red,L,GU,rayon,Japan,shopee,spring,sell
628,female,1600,pants,white,M,NET,linen,Japan,Storefront,winter,fail
629,female,500,shirt,white,XS,GU,rayon,Taiwan,Storefront,winter,sell
630,male,300,garter,Brown,XXXL,Unique,linen,China,shopee,winter,sell
631,male,900,pants,black,XXXL,H&M,lycra,Canada,shopee,fall,sell
632,female,1000,louse,purple,XSS,Unique,rayon,Taiwan,shopee,spring,sell
633,male,1100,vest,red,XSS,NET,silk,Canada,Internet,fall,sell
634,male,1600,louse,orange,S,Unique,acetate,China,Adidas,winter,sell
635,female,1500,suit,red,XXL,GU,silk,America,Adidas,fall,fail
636,female,400,louse,yellow,L,Adidas,lycra,China,Internet,winter,fail
637,female,800,garter,white,XXXL,Unique,acrylic,Europe,Storefront,winter,fail
638,female,1200,shirt,purple,S,GU,polyester,Canada,Internet,summer,sell
639,male,1300,jack,orange,XXXL,NIKE,acrylic,Japan,Adidas,summer,fail
640,male,1700,pants,yellow,XSS,GAP,linen,Korea,Internet,fall,sell
641,male,100,sweater,red,XXL,GU,rayon,Japan,Storefront,winter,sell
642,male,500,jack,yellow,L,Unique,lycra,Taiwan,Adidas,winter,sell
643,female,600,shoes,purple,XS,NIKE,silk,America,Storefront,spring,fail
644,male,1200,coat,green,XXL,Zara,polyester,Canada,shopee,summer,fail
645,female,1800,vest,orange,XSS,Zara,nylon,Europe,Internet,winter,sell
646,male,1600,louse,white,L,GAP,linen,America,Storefront,summer,sell
647,male,1100,sweater,pink,XXL,GU,silk,China,Storefront,spring,fail
648,male,1900,dress,black,XXL,NIKE,silk,China,amazon,summer,fail
649,male,1300,vest,blue,XXL,H&M,silk,Canada,Storefront,fall,sell
650,male,2000,suit,black,L,Adidas,acetate,Japan,amazon,winter,sell
651,female,900,sweater,black,XL,H&M,lycra,Korea,Internet,fall,sell
652,male,1700,shoes,yellow,M,GAP,polyester,Taiwan,Adidas,winter,sell
653,male,1400,vest,orange,XS,Zara,lycra,America,amazon,spring,sell
654,female,1600,dress,black,M,H&M,lycra,Canada,amazon,fall,sell
655,male,1400,shoes,Brown,XL,Adidas,polyester,Korea,amazon,summer,fail
656,female,1400,coat,purple,XXL,NIKE,rayon,Korea,Adidas,spring,sell
657,male,700,pants,Brown,XSS,GAP,silk,Canada,amazon,summer,sell
658,female,1500,coat,yellow,S,H&M,polyester,China,Adidas,winter,sell
659,female,1000,suit,orange,XSS,GU,nylon,Japan,Storefront,fall,fail
660,female,1300,uniforms,white,XXL,Adidas,silk,Europe,Internet,fall,fail
661,male,600,louse,yellow,XL,Unique,spandex,Canada,amazon,fall,sell
662,male,1500,jack,orange,XXXL,GAP,acetate,Europe,amazon,spring,fail
663,female,900,coat,red,M,GAP,lycra,China,amazon,summer,fail
664,female,1700,louse,Brown,XS,H&M,rayon,Canada,Adidas,summer,sell
665,female,300,uniforms,white,L,Unique,acrylic,Taiwan,Internet,summer,sell
666,male,1000,coat,black,S,NIKE,rayon,Korea,Adidas,fall,fail
667,female,1700,sweater,Brown,L,NIKE,acrylic,Japan,amazon,winter,fail
668,female,100,coat,red,XXXL,GAP,polyester,Europe,Internet,summer,sell
669,female,1100,pants,Brown,M,NET,acrylic,America,shopee,spring,fail
670,female,1900,coat,red,XS,NET,nylon,Taiwan,Storefront,fall,fail
671,female,1500,pants,blue,XS,Unique,polyester,America,Adidas,spring,fail
672,male,300,sweater,orange,L,Unique,rayon,China,shopee,summer,sell
673,female,1300,pants,green,XXL,H&M,lycra,Taiwan,Adidas,fall,fail
674,female,500,uniforms,orange,M,Unique,cotton,Korea,Adidas,spring,sell
675,male,400,coat,black,S,Zara,cotton,Japan,Adidas,summer,fail
676,female,400,sweater,black,XXXL,Adidas,spandex,America,shopee,spring,fail
677,female,600,suit,yellow,S,NET,silk,Canada,Storefront,fall,sell
678,female,1600,garter,pink,M,Zara,acetate,Taiwan,shopee,spring,sell
679,female,2000,sweater,pink,XS,NET,lycra,Japan,Internet,summer,fail
680,male,1200,vest,yellow,XS,H&M,lycra,America,Adidas,spring,sell
681,female,800,pants,yellow,XXXL,Adidas,nylon,China,Adidas,summer,fail
682,female,1800,vest,purple,L,Adidas,linen,Europe,Internet,summer,fail
683,male,300,garter,red,XXXL,H&M,nylon,America,Adidas,summer,fail
684,male,200,jack,blue,XXL,H&M,silk,Canada,amazon,spring,sell
685,female,900,louse,red,M,Unique,lycra,America,Adidas,summer,fail
686,female,1700,coat,yellow,L,Zara,lycra,China,Storefront,winter,sell
687,male,500,louse,pink,XXXL,NIKE,acetate,Korea,Internet,summer,fail
688,male,1100,coat,white,M,Zara,nylon,America,shopee,winter,sell
689,male,600,shoes,blue,XSS,Adidas,linen,Canada,Storefront,winter,fail
690,female,1300,suit,purple,M,Unique,acetate,Taiwan,Adidas,summer,fail
691,male,1800,shirt,white,S,NIKE,acrylic,Europe,shopee,winter,sell
692,male,400,shirt,white,XS,Adidas,rayon,Korea,amazon,summer,sell
693,female,1300,shoes,green,S,Unique,acrylic,America,Adidas,summer,sell
694,male,2000,shoes,Brown,XXXL,GAP,rayon,China,Adidas,winter,fail
695,female,2000,pants,Brown,XL,Zara,lycra,Taiwan,amazon,spring,sell
696,male,600,dress,black,M,Adidas,acetate,Taiwan,Internet,fall,sell
697,female,1800,jack,orange,XL,Zara,nylon,Canada,amazon,summer,sell
698,male,1200,uniforms,red,M,NET,lycra,Taiwan,Storefront,summer,sell
699,male,1400,dress,green,XXXL,GAP,cotton,America,Internet,winter,fail
700,female,1600,dress,red,S,Zara,spandex,China,Internet,winter,sell
701,female,1400,garter,black,L,Unique,acetate,Korea,Internet,spring,sell
702,female,700,shirt,black,XSS,GU,cotton,Japan,Storefront,summer,fail
703,male,1200,shirt,purple,XS,Zara,acrylic,Taiwan,amazon,winter,sell
704,female,1800,louse,blue,XXXL,GAP,linen,America,amazon,summer,fail
705,male,1300,uniforms,Brown,XS,GU,acrylic,Europe,Storefront,winter,fail
706,female,1100,vest,yellow,XS,Adidas,acetate,Korea,Adidas,spring,sell
707,male,1400,vest,green,M,NIKE,polyester,Europe,Adidas,fall,sell
708,male,800,dress,yellow,S,Zara,acrylic,America,Storefront,summer,fail
709,male,1900,garter,green,M,Adidas,acrylic,Korea,shopee,spring,fail
710,female,1600,sweater,green,L,NET,spandex,China,Internet,winter,fail
711,male,100,shoes,orange,XS,NIKE,acrylic,Taiwan,Adidas,spring,sell
712,female,500,garter,green,S,NIKE,acetate,Japan,shopee,fall,sell
713,female,1500,shoes,blue,XL,NET,acetate,Canada,Storefront,fall,fail
714,male,1500,dress,green,XS,NIKE,cotton,America,shopee,spring,fail
715,male,300,shirt,black,XSS,H&M,acetate,Korea,Storefront,fall,fail
716,male,1200,jack,Brown,S,Unique,spandex,Taiwan,Adidas,summer,sell
717,male,2000,jack,purple,M,Unique,rayon,China,shopee,fall,sell
718,female,1900,shoes,purple,XXL,Zara,nylon,China,amazon,fall,sell
719,male,900,uniforms,orange,XXXL,NIKE,cotton,America,Internet,spring,fail
720,male,1100,garter,pink,L,Zara,polyester,Taiwan,Internet,fall,sell
721,male,1100,coat,black,L,GAP,acetate,Korea,Internet,summer,sell
722,female,1500,louse,blue,XS,Zara,silk,Japan,amazon,spring,sell
723,male,1300,shoes,blue,XXL,NIKE,polyester,Korea,Adidas,summer,fail
724,male,2000,suit,black,S,H&M,polyester,Taiwan,amazon,winter,sell
725,male,500,vest,black,XS,Unique,silk,Japan,amazon,summer,sell
726,female,1300,coat,red,XL,NET,cotton,Taiwan,Adidas,summer,fail
727,female,100,uniforms,pink,XS,Unique,cotton,Korea,Storefront,winter,sell
728,female,1700,shirt,yellow,XXXL,NET,lycra,Taiwan,shopee,winter,fail
729,male,700,shirt,red,S,NIKE,spandex,China,shopee,summer,fail
730,female,2000,coat,black,S,Zara,cotton,Canada,Storefront,summer,sell
731,male,1000,louse,orange,XL,H&M,cotton,Canada,Internet,spring,fail
732,female,1100,garter,black,M,Adidas,polyester,Canada,shopee,fall,fail
733,female,1700,pants,blue,XXXL,Adidas,silk,Canada,Internet,fall,fail
734,male,1700,coat,pink,XSS,Adidas,linen,Japan,Internet,winter,fail
735,female,700,louse,purple,XXL,Zara,acetate,Canada,Storefront,winter,sell
736,female,200,coat,white,XSS,GAP,nylon,Canada,amazon,winter,sell
737,female,200,shirt,pink,S,GAP,spandex,Europe,Internet,spring,sell
738,male,500,garter,blue,XXL,GU,acetate,Europe,Internet,winter,fail
739,female,600,dress,orange,XXL,NET,nylon,Korea,Internet,fall,sell
740,male,1600,coat,white,XL,Adidas,spandex,Europe,amazon,summer,sell
741,male,1800,garter,Brown,XL,Zara,lycra,Korea,Adidas,spring,fail
742,female,1400,vest,purple,S,H&M,rayon,Korea,shopee,winter,sell
743,female,1500,jack,white,S,Unique,cotton,Canada,Internet,fall,sell
744,female,800,louse,orange,XXL,Adidas,polyester,Taiwan,amazon,spring,fail
745,male,700,sweater,black,XS,GU,cotton,China,Adidas,fall,fail
746,male,1200,sweater,white,L,NIKE,acrylic,Taiwan,Adidas,fall,sell
747,female,200,dress,black,L,GAP,acetate,Europe,Storefront,spring,sell
748,male,700,coat,white,XXL,Zara,cotton,Japan,shopee,fall,sell
749,female,1200,coat,white,XXL,GU,acrylic,America,shopee,spring,fail
750,female,1700,uniforms,purple,XL,Unique,spandex,Canada,amazon,fall,fail
751,male,1400,pants,red,S,Unique,lycra,Korea,Adidas,spring,sell
752,male,1500,suit,pink,L,H&M,acrylic,America,Internet,winter,sell
753,female,800,shirt,green,XSS,NET,linen,Japan,Internet,fall,fail
754,male,500,pants,red,XSS,Unique,nylon,America,amazon,fall,sell
755,female,1300,pants,red,XS,GAP,rayon,Taiwan,amazon,winter,sell
756,female,400,suit,orange,XXL,GAP,cotton,Europe,shopee,spring,fail
757,female,1100,louse,black,L,Unique,lycra,Europe,Internet,fall,fail
758,female,1400,uniforms,white,XXL,Adidas,polyester,Korea,Storefront,fall,sell
759,male,200,uniforms,pink,M,GU,nylon,Taiwan,Internet,summer,sell
760,male,400,louse,white,XL,NIKE,lycra,Japan,Storefront,winter,sell
761,male,800,shirt,blue,XSS,Adidas,nylon,Taiwan,Internet,summer,sell
762,female,200,garter,pink,L,Adidas,lycra,Taiwan,Adidas,fall,sell
763,female,1400,garter,white,M,Zara,spandex,Japan,Storefront,summer,sell
764,female,400,shoes,blue,XXL,Unique,lycra,Taiwan,amazon,fall,fail
765,female,300,pants,Brown,XXL,H&M,spandex,Canada,amazon,spring,sell
766,female,800,louse,Brown,XS,Adidas,acrylic,Korea,shopee,spring,sell
767,female,1300,shoes,Brown,XSS,GU,spandex,America,Storefront,winter,fail
768,male,2000,jack,pink,XL,NIKE,polyester,Canada,amazon,winter,fail
769,female,700,louse,Brown,XSS,GAP,linen,Japan,shopee,spring,fail
770,male,1900,shirt,green,XXXL,GU,linen,America,Storefront,winter,fail
771,male,600,coat,white,L,Zara,silk,America,shopee,summer,sell
772,female,1300,pants,red,XXL,Adidas,spandex,Korea,amazon,spring,sell
773,female,1100,shoes,yellow,XXXL,GU,cotton,Taiwan,Adidas,winter,fail
774,male,1800,coat,white,S,Unique,acetate,Taiwan,Internet,spring,sell
775,male,300,jack,black,XSS,H&M,cotton,Europe,shopee,spring,fail
776,male,1600,garter,red,XSS,GAP,cotton,Canada,Adidas,spring,fail
777,female,1700,garter,green,L,NET,lycra,China,Storefront,fall,fail
778,male,900,dress,green,XL,Adidas,rayon,Europe,amazon,spring,fail
779,female,300,coat,white,XL,Zara,spandex,Korea,shopee,fall,sell
780,male,600,suit,Brown,S,GU,silk,Europe,amazon,winter,fail
781,male,800,shirt,green,XSS,NIKE,rayon,Taiwan,Storefront,fall,sell
782,female,1100,louse,white,XXL,Unique,rayon,Canada,Adidas,fall,sell
783,female,1400,dress,blue,XSS,Zara,acetate,America,shopee,summer,sell
784,female,1900,jack,orange,XXXL,H&M,acrylic,China,amazon,summer,fail
785,male,1100,shoes,black,XXL,GU,acetate,Taiwan,Storefront,winter,sell
786,male,1800,coat,Brown,M,Zara,lycra,Taiwan,shopee,fall,sell
787,female,2000,jack,blue,XSS,GAP,polyester,Japan,Adidas,spring,fail
788,male,1000,coat,purple,XXXL,GAP,lycra,China,Adidas,summer,fail
789,female,1200,uniforms,Brown,S,H&M,acrylic,Canada,Adidas,winter,sell
790,female,800,uniforms,black,S,GAP,silk,Taiwan,Adidas,summer,sell
791,male,100,sweater,green,M,NIKE,spandex,America,Adidas,fall,sell
792,male,200,pants,Brown,XXXL,NET,polyester,Taiwan,Storefront,fall,sell
793,female,1400,sweater,purple,XL,H&M,spandex,China,shopee,fall,fail
794,male,1900,pants,purple,XXXL,NIKE,acrylic,America,shopee,winter,sell
795,male,1300,garter,blue,XXL,Unique,acrylic,America,Adidas,winter,sell
796,male,300,pants,orange,L,Adidas,nylon,Canada,amazon,spring,sell
797,female,100,dress,orange,M,Adidas,lycra,America,shopee,fall,sell
798,male,1600,pants,red,XL,Zara,polyester,Japan,Internet,summer,sell
799,male,200,coat,Brown,L,GAP,linen,China,Storefront,spring,sell
800,female,1600,shoes,white,M,H&M,acetate,Taiwan,shopee,winter,fail
801,female,1600,shirt,red,L,GAP,silk,Canada,amazon,winter,fail
802,female,600,louse,pink,XXL,GAP,linen,Korea,Storefront,spring,sell
803,female,1500,dress,red,L,Unique,acrylic,Europe,Internet,spring,sell
804,male,200,dress,blue,L,GU,nylon,Japan,Internet,fall,sell
805,female,800,louse,white,M,NET,spandex,Japan,shopee,fall,fail
806,male,200,coat,blue,XSS,Unique,nylon,Korea,shopee,winter,sell
807,male,1600,pants,purple,S,GU,acetate,America,amazon,winter,sell
808,male,800,uniforms,blue,XXXL,Adidas,polyester,Taiwan,shopee,winter,sell
809,male,1500,jack,white,S,Zara,spandex,Japan,Storefront,spring,sell
810,male,1800,coat,pink,XS,NIKE,lycra,Taiwan,Adidas,summer,sell
811,female,1200,louse,blue,XL,Unique,spandex,America,amazon,summer,fail
812,female,100,sweater,Brown,XSS,GAP,acrylic,Japan,Adidas,winter,sell
813,female,800,dress,black,XL,NET,spandex,Korea,shopee,fall,sell
814,female,1800,suit,green,XXXL,GAP,nylon,Canada,Internet,fall,fail
815,male,1200,shirt,yellow,M,Unique,acetate,America,Internet,summer,sell
816,male,1400,louse,black,S,NET,acetate,Europe,Storefront,fall,fail
817,male,1300,shirt,white,S,GU,cotton,China,Adidas,winter,sell
818,female,400,shirt,yellow,XXL,H&M,lycra,Korea,amazon,spring,sell
819,male,400,suit,green,XS,NET,polyester,Europe,Storefront,winter,fail
820,female,1700,coat,Brown,XL,H&M,linen,America,shopee,spring,fail
821,male,1100,shirt,red,L,Adidas,spandex,America,Storefront,winter,sell
822,male,400,shoes,yellow,XXXL,GU,cotton,Taiwan,amazon,fall,sell
823,female,800,louse,red,M,GAP,lycra,Japan,Storefront,fall,fail
824,male,1800,coat,green,XS,GU,lycra,Taiwan,Adidas,spring,sell
825,male,900,pants,purple,XXXL,H&M,linen,America,Adidas,winter,sell
826,male,400,garter,white,M,NIKE,cotton,Canada,Storefront,spring,sell
827,male,600,pants,red,XS,Zara,spandex,America,Internet,spring,sell
828,male,100,uniforms,black,XL,GAP,polyester,America,shopee,winter,sell
829,female,1700,garter,purple,L,NIKE,lycra,Europe,Adidas,fall,fail
830,male,900,suit,purple,L,GAP,nylon,China,amazon,winter,sell
831,male,700,sweater,blue,XXL,H&M,polyester,Korea,Storefront,fall,fail
832,female,100,sweater,white,XL,NET,nylon,China,Adidas,winter,sell
833,male,1800,suit,yellow,S,NET,spandex,Japan,Adidas,spring,fail
834,male,1000,uniforms,pink,XS,Zara,acrylic,Japan,Internet,fall,fail
835,female,300,shoes,green,XS,NIKE,acrylic,Europe,Internet,fall,sell
836,male,1800,dress,black,M,Adidas,acrylic,America,amazon,fall,fail
837,male,200,sweater,white,XXXL,GAP,nylon,Korea,shopee,fall,sell
838,female,1200,garter,pink,XL,NET,cotton,Korea,amazon,fall,sell
839,female,400,jack,red,XS,NET,cotton,Taiwan,Storefront,summer,fail
840,female,700,garter,white,M,Zara,silk,Canada,shopee,fall,sell
841,male,900,shoes,black,XL,NET,nylon,Korea,amazon,fall,fail
842,male,1000,shoes,Brown,XXXL,NIKE,cotton,Europe,shopee,summer,fail
843,female,1800,coat,blue,XSS,GAP,linen,Canada,Adidas,fall,fail
844,female,300,sweater,red,XSS,Unique,nylon,America,Adidas,spring,sell
845,male,900,coat,yellow,S,H&M,spandex,Taiwan,Storefront,spring,sell
846,male,1900,pants,green,L,H&M,rayon,Canada,shopee,summer,sell
847,female,100,dress,red,L,Unique,acrylic,America,amazon,winter,sell
848,male,1800,shirt,blue,M,GU,silk,Europe,shopee,spring,fail
849,female,1400,pants,pink,L,Zara,nylon,Europe,Adidas,fall,sell
850,female,1600,pants,blue,XS,NET,acrylic,Korea,amazon,spring,sell
851,female,1800,garter,yellow,XSS,Adidas,cotton,Canada,Adidas,spring,fail
852,female,400,pants,blue,M,Zara,rayon,China,amazon,fall,sell
853,female,100,sweater,black,XXXL,Unique,acetate,Taiwan,Adidas,fall,sell
854,female,1500,sweater,orange,XXXL,Adidas,linen,Korea,Adidas,summer,sell
855,female,2000,sweater,yellow,XL,GAP,lycra,Korea,Internet,summer,sell
856,male,500,shirt,green,XS,Unique,acetate,America,Storefront,spring,sell
857,male,1100,suit,pink,M,Adidas,rayon,China,Storefront,summer,fail
858,female,1900,uniforms,blue,M,NET,cotton,Korea,Adidas,summer,sell
859,female,900,garter,yellow,S,NIKE,rayon,Taiwan,Internet,winter,sell
860,male,1500,coat,orange,XXL,NET,acetate,China,Adidas,fall,fail
861,male,800,vest,white,L,GAP,spandex,Japan,amazon,spring,sell
862,female,300,pants,blue,XXXL,NET,cotton,America,shopee,spring,sell
863,male,1000,louse,white,XSS,Adidas,polyester,Canada,Internet,spring,sell
864,female,1500,suit,Brown,XL,GAP,polyester,Japan,amazon,winter,fail
865,male,700,sweater,orange,M,Unique,lycra,Japan,Internet,fall,sell
866,female,700,suit,green,XL,GU,rayon,Japan,Storefront,fall,sell
867,male,1400,garter,black,XSS,NET,acrylic,Korea,amazon,fall,fail
868,male,1900,shoes,white,XL,H&M,rayon,America,shopee,spring,sell
869,male,1500,suit,blue,XXXL,Unique,acrylic,Japan,shopee,winter,sell
870,male,600,garter,yellow,M,H&M,acetate,Europe,Storefront,winter,fail
871,male,300,garter,yellow,S,NIKE,cotton,America,Storefront,spring,fail
872,female,1600,sweater,purple,XSS,NIKE,cotton,China,amazon,fall,fail
873,male,1500,sweater,green,S,NIKE,acetate,Canada,Internet,summer,fail
874,female,1500,garter,blue,XS,Unique,lycra,Canada,shopee,fall,fail
875,male,1000,sweater,orange,S,GAP,silk,America,shopee,winter,fail
876,female,1700,pants,white,XS,NIKE,nylon,America,amazon,summer,fail
877,male,1600,uniforms,red,L,H&M,silk,Canada,Storefront,summer,sell
878,female,800,garter,Brown,XSS,NIKE,cotton,China,Storefront,spring,fail
879,male,100,louse,black,XL,Unique,acetate,China,Storefront,winter,sell
880,male,2000,shoes,purple,XSS,Zara,nylon,Korea,Adidas,spring,fail
881,female,1500,jack,yellow,XL,GU,cotton,Japan,shopee,spring,fail
882,male,800,louse,purple,XXL,NET,polyester,Taiwan,Storefront,spring,sell
883,male,1800,pants,green,XXL,Adidas,nylon,Japan,amazon,spring,sell
884,male,800,dress,orange,S,Zara,rayon,China,amazon,spring,fail
885,female,1500,shoes,green,M,GU,rayon,Korea,amazon,spring,sell
886,male,400,coat,pink,S,NET,nylon,China,Storefront,spring,fail
887,female,1600,shoes,Brown,XSS,H&M,silk,China,Internet,summer,fail
888,female,1800,shirt,purple,XXL,Unique,linen,America,Adidas,spring,fail
889,male,800,pants,blue,XS,Zara,acetate,China,Adidas,winter,sell
890,male,300,pants,yellow,L,GU,lycra,Europe,Adidas,winter,sell
891,female,1200,suit,Brown,M,GU,lycra,Japan,shopee,fall,fail
892,female,300,uniforms,yellow,XSS,H&M,linen,Europe,shopee,winter,sell
893,female,100,pants,orange,L,Unique,nylon,Canada,Internet,spring,sell
894,female,1500,dress,purple,XS,NIKE,silk,China,Adidas,summer,sell
895,female,400,coat,yellow,L,Adidas,polyester,China,shopee,summer,fail
896,female,900,louse,green,XS,NIKE,silk,Korea,amazon,spring,sell
897,male,500,vest,green,XS,H&M,rayon,Taiwan,Adidas,summer,sell
898,male,800,dress,pink,XSS,Unique,acetate,China,shopee,fall,sell
899,male,1200,dress,Brown,XSS,Zara,lycra,Canada,amazon,spring,fail
900,female,300,garter,black,M,GU,polyester,Taiwan,amazon,fall,sell
901,male,1100,shoes,yellow,M,H&M,lycra,America,Adidas,spring,fail
902,male,900,sweater,pink,XXXL,Zara,spandex,Canada,amazon,summer,fail
903,female,600,shoes,orange,XL,Adidas,lycra,China,Internet,spring,fail
904,female,700,pants,Brown,S,GU,lycra,Taiwan,shopee,fall,sell
905,female,400,pants,red,XXL,NET,cotton,America,Storefront,summer,fail
906,female,1500,sweater,pink,XSS,Adidas,lycra,Canada,amazon,fall,fail
907,male,600,dress,blue,XS,Unique,silk,Korea,Adidas,spring,sell
908,female,1200,suit,blue,L,H&M,lycra,Korea,Storefront,winter,sell
909,female,1400,dress,yellow,S,H&M,polyester,China,Internet,spring,sell
910,male,900,shirt,Brown,XXL,Unique,polyester,China,Internet,fall,sell
911,male,200,suit,orange,S,Adidas,acetate,China,Storefront,spring,sell
912,female,400,pants,green,S,NIKE,nylon,Canada,Internet,summer,sell
913,female,1800,vest,purple,XS,NET,nylon,Taiwan,Storefront,spring,fail
914,male,200,louse,Brown,M,GU,rayon,Japan,Internet,spring,sell
915,female,1000,louse,Brown,M,NIKE,nylon,China,shopee,winter,fail
916,female,1300,garter,black,XXL,Unique,acetate,Europe,Internet,fall,fail
917,female,2000,suit,orange,XS,Zara,linen,Japan,Storefront,summer,sell
918,female,400,suit,green,L,NET,silk,Europe,Storefront,spring,fail
919,female,1400,louse,Brown,XXL,NET,lycra,Korea,Storefront,summer,sell
920,female,1000,garter,green,XS,Zara,acetate,Japan,shopee,fall,sell
921,male,1900,suit,pink,XXXL,NIKE,rayon,China,shopee,summer,fail
922,male,1800,jack,blue,XXL,GAP,acrylic,Japan,amazon,summer,fail
923,male,1400,garter,black,XL,Zara,lycra,Korea,Storefront,summer,fail
924,male,500,garter,red,XL,GAP,linen,Korea,Adidas,summer,fail
925,male,1300,shoes,orange,M,H&M,acrylic,Europe,Internet,fall,fail
926,female,600,louse,yellow,XSS,NET,acrylic,Canada,Adidas,winter,fail
927,male,1000,louse,white,XL,GAP,polyester,Canada,amazon,winter,sell
928,female,900,shirt,purple,M,NET,lycra,Korea,Internet,spring,sell
929,male,1800,vest,green,XS,Zara,acrylic,China,Storefront,summer,sell
930,female,500,shirt,Brown,M,Zara,linen,Europe,shopee,summer,sell
931,female,1900,pants,yellow,L,GU,silk,Europe,Adidas,winter,fail
932,male,800,shirt,purple,XSS,Adidas,cotton,Japan,Storefront,summer,fail
933,male,1100,uniforms,red,S,Zara,linen,Canada,Adidas,summer,fail
934,male,1700,pants,Brown,XXXL,Adidas,nylon,China,Internet,summer,sell
935,male,400,vest,red,XL,GAP,linen,Japan,Adidas,summer,sell
936,female,1000,suit,blue,XXL,NET,linen,America,shopee,fall,fail
937,male,800,shoes,white,M,NIKE,acrylic,Taiwan,Adidas,fall,sell
938,male,1000,shoes,blue,XXL,GU,spandex,Korea,Storefront,winter,fail
939,male,1300,coat,purple,XXXL,Zara,nylon,Canada,Internet,summer,fail
940,female,1800,garter,pink,XXXL,Adidas,polyester,Korea,Adidas,summer,sell
941,female,200,shoes,blue,M,NET,spandex,America,Internet,spring,sell
942,female,1700,dress,orange,XXL,Adidas,acrylic,Canada,Storefront,winter,sell
943,male,900,uniforms,black,XSS,H&M,acrylic,Japan,Storefront,spring,fail
944,male,200,jack,blue,XS,GAP,polyester,Japan,Storefront,winter,sell
945,male,1400,shoes,green,XL,GAP,nylon,Taiwan,shopee,winter,sell
946,male,1700,louse,green,S,Zara,nylon,Korea,amazon,fall,fail
947,male,100,sweater,pink,XS,GU,lycra,China,Adidas,winter,sell
948,male,1900,coat,pink,XS,NET,spandex,Canada,Storefront,summer,fail
949,male,2000,shoes,blue,M,Adidas,acetate,Taiwan,Adidas,winter,sell
950,female,900,dress,purple,L,GAP,spandex,Japan,shopee,summer,sell
951,male,100,sweater,blue,M,GU,acrylic,Taiwan,amazon,winter,sell
952,female,300,coat,white,XS,H&M,acrylic,America,Storefront,winter,sell
953,female,1700,suit,red,L,GAP,spandex,Canada,Internet,winter,fail
954,male,1300,shirt,yellow,XL,H&M,rayon,China,Adidas,fall,fail
955,male,1800,suit,white,XSS,Adidas,rayon,Japan,shopee,fall,sell
956,female,100,pants,green,XSS,NET,silk,Europe,Storefront,fall,sell
957,female,1800,sweater,green,M,H&M,linen,Japan,amazon,summer,fail
958,female,1200,shirt,blue,XXL,GAP,rayon,Europe,Adidas,summer,sell
959,male,700,sweater,pink,L,GU,spandex,America,amazon,winter,sell
960,female,1900,vest,blue,M,Zara,spandex,America,amazon,winter,sell
961,female,700,sweater,purple,XL,H&M,acetate,Europe,amazon,spring,fail
962,female,2000,shoes,white,L,Adidas,cotton,Canada,shopee,summer,fail
963,female,600,shirt,pink,XXXL,NET,nylon,Europe,Adidas,fall,fail
964,male,1600,louse,white,XSS,Zara,silk,Taiwan,Adidas,summer,sell
965,female,200,shirt,black,XXL,Zara,lycra,Taiwan,Adidas,spring,sell
966,female,1500,sweater,blue,L,Zara,cotton,America,Storefront,fall,sell
967,male,1700,shoes,orange,XS,Adidas,spandex,Korea,Adidas,spring,fail
968,male,1600,pants,pink,XXL,Adidas,rayon,Taiwan,shopee,spring,sell
969,female,300,vest,pink,XXL,GAP,polyester,Canada,amazon,fall,sell
970,female,200,sweater,pink,L,NET,rayon,Taiwan,Adidas,winter,sell
971,female,900,shirt,purple,XXL,Unique,rayon,America,Storefront,spring,sell
972,male,1300,jack,orange,L,NET,acetate,Europe,shopee,winter,sell
973,female,300,shoes,red,XXXL,NET,polyester,China,Storefront,fall,sell
974,female,500,louse,Brown,L,Adidas,acrylic,Europe,amazon,winter,fail
975,female,400,sweater,purple,M,NIKE,acetate,Canada,Adidas,spring,fail
976,male,400,garter,white,XXL,GU,acrylic,China,shopee,fall,sell
977,male,1400,shirt,pink,M,Unique,acetate,Europe,shopee,fall,sell
978,female,600,dress,green,XXXL,Unique,silk,Japan,amazon,fall,sell
979,male,600,shoes,green,XSS,H&M,rayon,Taiwan,shopee,winter,sell
980,male,1500,sweater,orange,XXXL,GAP,lycra,Japan,Storefront,spring,fail
981,female,1100,pants,blue,XL,GU,acrylic,Japan,Adidas,winter,fail
982,male,500,jack,blue,L,Unique,nylon,America,amazon,fall,sell
983,male,1200,coat,red,XS,GAP,nylon,America,amazon,summer,fail
984,female,1400,sweater,white,XXL,Unique,cotton,America,Adidas,fall,fail
985,male,1200,shirt,white,XXL,Adidas,linen,Europe,Storefront,summer,sell
986,male,1100,uniforms,blue,L,Zara,acrylic,China,shopee,winter,sell
987,female,1300,vest,Brown,L,Zara,lycra,Japan,shopee,spring,sell
988,male,500,garter,purple,XXL,NIKE,lycra,Korea,shopee,winter,fail
989,female,1100,shirt,purple,XXL,Unique,cotton,Korea,Storefront,fall,sell
990,female,1200,suit,purple,L,Zara,spandex,Europe,amazon,fall,sell
991,male,300,louse,yellow,XXXL,Unique,nylon,Korea,Adidas,spring,sell
992,female,1200,pants,red,M,Adidas,acrylic,Europe,shopee,summer,fail
993,male,1900,garter,yellow,XL,GU,polyester,America,shopee,fall,fail
994,female,1300,dress,white,L,H&M,acetate,Taiwan,shopee,summer,sell
995,male,1800,pants,Brown,S,H&M,cotton,Taiwan,Adidas,spring,sell
996,female,1900,suit,pink,S,Adidas,cotton,Europe,Storefront,summer,sell
997,male,1200,coat,white,M,Adidas,polyester,Europe,amazon,spring,sell
998,male,400,shirt,yellow,XXL,H&M,linen,China,shopee,fall,fail
999,female,300,coat,green,L,Unique,nylon,America,amazon,summer,sell
